scoreNullable,teamId,hasTeamName,submissionDate,score,hasScore
0.852,10972377,True,2023-12-05 16:14:36,0.852,True
0.850,11008610,True,2023-12-05 17:09:46,0.850,True
0.846,10872957,True,2023-12-05 19:42:47,0.846,True
0.845,10887172,True,2023-12-05 16:23:31,0.845,True
0.844,10873322,True,2023-12-03 13:19:51,0.844,True
0.842,10875109,True,2023-12-05 15:05:31,0.842,True
0.837,10872420,True,2023-12-05 18:03:36,0.837,True
0.833,10945526,True,2023-12-05 14:31:25,0.833,True
0.829,11052094,True,2023-12-05 16:41:42,0.829,True
0.827,10913573,True,2023-12-05 20:05:41,0.827,True
0.826,11087627,True,2023-12-05 17:33:29,0.826,True
0.826,10887862,True,2023-12-05 12:24:53,0.826,True
0.825,10977735,True,2023-12-05 19:40:09,0.825,True
0.824,11225841,True,2023-12-05 22:49:14,0.824,True
0.823,11073177,True,2023-12-05 16:38:23,0.823,True
0.823,11060490,True,2023-12-05 14:19:03,0.823,True
0.822,11050673,True,2023-12-04 16:02:27,0.822,True
0.821,10901068,True,2023-12-05 10:14:58,0.821,True
0.819,10985932,True,2023-12-05 13:33:54,0.819,True
0.819,11139173,True,2023-12-05 08:29:46,0.819,True
0.817,10884711,True,2023-12-05 10:31:18,0.817,True
0.817,10897284,True,2023-12-05 18:39:11,0.817,True
0.816,10898026,True,2023-12-05 16:54:34,0.816,True
0.814,10931984,True,2023-12-05 15:10:32,0.814,True
0.810,10873086,True,2023-12-05 23:22:46,0.810,True
0.810,11100879,True,2023-12-05 21:43:18,0.810,True
0.809,11027187,True,2023-12-05 17:18:57,0.809,True
0.808,10878185,True,2023-12-04 12:49:31,0.808,True
0.807,10873018,True,2023-12-05 21:41:07,0.807,True
0.807,11300553,True,2023-12-04 14:26:59,0.807,True
0.807,10876485,True,2023-12-05 16:01:46,0.807,True
0.806,11064677,True,2023-11-26 11:49:11,0.806,True
0.804,11105569,True,2023-12-05 16:28:46,0.804,True
0.803,11211811,True,2023-12-05 16:06:43,0.803,True
0.803,10874092,True,2023-12-03 18:14:16,0.803,True
0.803,11063993,True,2023-12-04 07:35:03,0.803,True
0.803,10919431,True,2023-11-30 01:20:19,0.803,True
0.803,10880310,True,2023-12-04 17:07:25,0.803,True
0.803,11061227,True,2023-12-05 18:33:42,0.803,True
0.802,10970860,True,2023-12-05 11:08:27,0.802,True
0.802,10885834,True,2023-12-05 15:10:06,0.802,True
0.801,11046721,True,2023-12-05 14:35:42,0.801,True
0.801,10872984,True,2023-11-30 23:28:39,0.801,True
0.801,10873523,True,2023-12-05 14:42:14,0.801,True
0.799,10898360,True,2023-12-05 22:25:01,0.799,True
0.799,10901571,True,2023-12-03 08:20:59,0.799,True
0.799,10876932,True,2023-11-30 06:00:57,0.799,True
0.799,11247636,True,2023-11-29 13:32:29,0.799,True
0.799,10885408,True,2023-12-05 14:42:26,0.799,True
0.799,11079657,True,2023-12-02 01:50:26,0.799,True
0.797,11101579,True,2023-12-04 02:22:45,0.797,True
0.796,10949522,True,2023-11-20 18:21:56,0.796,True
0.795,10899007,True,2023-12-05 19:13:24,0.795,True
0.795,11075579,True,2023-12-05 19:43:40,0.795,True
0.794,11107678,True,2023-12-02 23:56:57,0.794,True
0.792,11144554,True,2023-12-05 11:39:27,0.792,True
0.792,10942735,True,2023-12-05 15:23:27,0.792,True
0.792,10983886,True,2023-12-04 03:13:36,0.792,True
0.792,11215964,True,2023-12-05 22:32:33,0.792,True
0.791,10886254,True,2023-12-05 21:26:29,0.791,True
0.790,11028265,True,2023-12-05 18:20:34,0.790,True
0.790,10877594,True,2023-12-03 08:40:48,0.790,True
0.790,11114915,True,2023-12-05 15:35:06,0.790,True
0.790,10898245,True,2023-12-05 18:23:14,0.790,True
0.790,10877297,True,2023-12-05 19:21:42,0.790,True
0.790,11092180,True,2023-11-27 03:38:42,0.790,True
0.789,11078146,True,2023-12-05 03:06:35,0.789,True
0.789,11028487,True,2023-12-05 15:35:17,0.789,True
0.789,10876434,True,2023-12-05 14:27:32,0.789,True
0.789,10890202,True,2023-12-05 17:01:29,0.789,True
0.788,10989839,True,2023-12-05 11:23:46,0.788,True
0.788,10884247,True,2023-12-05 17:13:38,0.788,True
0.788,11011933,True,2023-12-05 22:15:18,0.788,True
0.787,11144183,True,2023-12-05 14:10:05,0.787,True
0.787,10885257,True,2023-12-05 19:09:24,0.787,True
0.787,10878843,True,2023-12-05 13:42:02,0.787,True
0.786,10873429,True,2023-12-05 13:55:16,0.786,True
0.786,11005354,True,2023-12-05 18:15:59,0.786,True
0.786,11026800,True,2023-12-05 17:13:04,0.786,True
0.786,10928741,True,2023-11-08 15:12:10,0.786,True
0.785,10886371,True,2023-11-28 19:22:30,0.785,True
0.784,10927281,True,2023-12-05 22:27:02,0.784,True
0.784,11228940,True,2023-12-05 23:10:23,0.784,True
0.783,10879122,True,2023-12-05 02:01:16,0.783,True
0.783,10881297,True,2023-12-05 16:39:03,0.783,True
0.782,11031115,True,2023-12-05 22:54:41,0.782,True
0.781,11057714,True,2023-12-05 13:49:10,0.781,True
0.781,11070020,True,2023-12-05 18:46:23,0.781,True
0.781,11033425,True,2023-12-05 10:10:28,0.781,True
0.781,10888227,True,2023-12-05 07:41:03,0.781,True
0.780,10885319,True,2023-11-16 03:43:13,0.780,True
0.780,11111239,True,2023-12-05 18:53:39,0.780,True
0.780,10872406,True,2023-12-03 17:29:46,0.780,True
0.780,11315999,True,2023-12-05 20:18:13,0.780,True
0.779,11109689,True,2023-12-05 16:37:30,0.779,True
0.779,10881427,True,2023-12-05 17:20:12,0.779,True
0.779,10986300,True,2023-12-05 20:48:45,0.779,True
0.779,11276395,True,2023-12-05 17:34:52,0.779,True
0.778,11052092,True,2023-12-05 17:22:21,0.778,True
0.778,10872920,True,2023-12-04 11:46:00,0.778,True
0.778,11134590,True,2023-12-04 00:43:20,0.778,True
0.778,10873540,True,2023-12-05 17:12:19,0.778,True
0.778,10918786,True,2023-12-05 15:34:16,0.778,True
0.777,10948510,True,2023-12-05 16:11:58,0.777,True
0.776,10876843,True,2023-12-05 06:35:24,0.776,True
0.776,11046054,True,2023-12-05 22:05:12,0.776,True
0.776,10898564,True,2023-11-24 16:12:33,0.776,True
0.775,11087522,True,2023-12-05 14:38:07,0.775,True
0.775,11120313,True,2023-12-05 17:13:09,0.775,True
0.775,11073672,True,2023-12-05 18:45:20,0.775,True
0.775,11135681,True,2023-12-05 13:45:52,0.775,True
0.774,11226650,True,2023-12-05 17:13:02,0.774,True
0.774,10872394,True,2023-11-11 11:54:27,0.774,True
0.774,11038133,True,2023-12-05 13:37:20,0.774,True
0.774,10895255,True,2023-12-05 19:43:11,0.774,True
0.773,10902028,True,2023-12-05 13:50:29,0.773,True
0.773,11234211,True,2023-12-05 07:18:29,0.773,True
0.773,10882053,True,2023-11-25 23:16:02,0.773,True
0.773,10872296,True,2023-11-28 18:33:00,0.773,True
0.772,11082520,True,2023-12-04 13:17:35,0.772,True
0.772,11036234,True,2023-12-05 22:19:03,0.772,True
0.771,11303494,True,2023-12-05 04:35:32,0.771,True
0.771,11105662,True,2023-12-05 08:12:00,0.771,True
0.771,11067286,True,2023-12-05 14:57:18,0.771,True
0.770,10928101,True,2023-11-07 14:58:41,0.770,True
0.770,11254666,True,2023-12-04 13:31:25,0.770,True
0.770,10893363,True,2023-12-05 16:50:04,0.770,True
0.770,11223944,True,2023-11-29 09:09:26,0.770,True
0.770,10873687,True,2023-12-05 17:53:40,0.770,True
0.769,11046183,True,2023-12-04 12:40:17,0.769,True
0.769,10883827,True,2023-12-05 11:50:35,0.769,True
0.769,10931866,True,2023-12-03 08:30:56,0.769,True
0.768,11257216,True,2023-12-05 17:07:11,0.768,True
0.768,10970581,True,2023-12-05 22:18:05,0.768,True
0.768,10880470,True,2023-12-05 22:40:24,0.768,True
0.768,10976637,True,2023-12-05 16:32:12,0.768,True
0.767,11169974,True,2023-12-03 11:56:41,0.767,True
0.767,10936636,True,2023-11-26 22:31:31,0.767,True
0.767,10872732,True,2023-12-05 14:31:41,0.767,True
0.767,11052849,True,2023-12-05 21:20:56,0.767,True
0.767,11055288,True,2023-12-05 22:33:34,0.767,True
0.767,10872370,True,2023-12-05 13:07:17,0.767,True
0.766,11107974,True,2023-12-05 23:00:34,0.766,True
0.766,10887668,True,2023-12-05 22:42:05,0.766,True
0.766,11178679,True,2023-12-05 18:21:47,0.766,True
0.766,11130032,True,2023-12-05 14:46:26,0.766,True
0.766,11266608,True,2023-12-05 19:05:24,0.766,True
0.765,10918426,True,2023-12-04 15:48:25,0.765,True
0.765,10888337,True,2023-12-05 19:35:07,0.765,True
0.765,10936057,True,2023-12-04 03:04:56,0.765,True
0.765,10881897,True,2023-11-24 03:26:57,0.765,True
0.765,11061017,True,2023-12-05 20:10:07,0.765,True
0.765,10894644,True,2023-12-05 16:33:02,0.765,True
0.765,10897900,True,2023-11-18 06:59:03,0.765,True
0.765,10884124,True,2023-12-05 16:52:01,0.765,True
0.764,10903432,True,2023-12-05 20:50:53,0.764,True
0.764,10876264,True,2023-12-05 23:18:53,0.764,True
0.764,11190428,True,2023-12-05 13:07:21,0.764,True
0.764,11300029,True,2023-12-05 03:52:58,0.764,True
0.763,11243996,True,2023-12-05 16:11:22,0.763,True
0.763,11140134,True,2023-11-11 12:41:29,0.763,True
0.762,10921741,True,2023-12-05 16:35:06,0.762,True
0.762,10894258,True,2023-12-01 08:37:38,0.762,True
0.761,11301836,True,2023-12-04 23:08:27,0.761,True
0.761,10887415,True,2023-12-03 15:25:13,0.761,True
0.761,10873824,True,2023-12-04 05:34:34,0.761,True
0.760,11092232,True,2023-12-05 23:34:38,0.760,True
0.760,11207083,True,2023-12-05 16:02:32,0.760,True
0.759,11081807,True,2023-12-05 20:48:04,0.759,True
0.759,11293698,True,2023-12-05 12:59:00,0.759,True
0.758,10882311,True,2023-12-04 20:15:15,0.758,True
0.758,10883516,True,2023-12-05 06:15:33,0.758,True
0.758,11125143,True,2023-12-05 08:48:25,0.758,True
0.758,10886359,True,2023-12-05 16:40:24,0.758,True
0.758,11256819,True,2023-12-05 23:08:34,0.758,True
0.758,11287464,True,2023-12-05 05:30:33,0.758,True
0.758,11076187,True,2023-12-05 19:50:45,0.758,True
0.757,11064570,True,2023-12-05 03:46:26,0.757,True
0.757,10881869,True,2023-12-05 12:17:46,0.757,True
0.757,11115300,True,2023-12-05 15:48:00,0.757,True
0.756,10943598,True,2023-12-02 04:44:12,0.756,True
0.756,11212259,True,2023-12-05 12:41:51,0.756,True
0.756,10889836,True,2023-12-05 23:37:57,0.756,True
0.755,11132741,True,2023-11-18 05:10:40,0.755,True
0.755,10998857,True,2023-12-04 14:38:24,0.755,True
0.755,11068509,True,2023-12-05 10:39:15,0.755,True
0.754,11168465,True,2023-11-22 12:11:30,0.754,True
0.754,11200606,True,2023-12-04 07:52:53,0.754,True
0.754,10875329,True,2023-12-05 20:04:23,0.754,True
0.753,11195051,True,2023-12-05 20:29:42,0.753,True
0.753,11105934,True,2023-11-29 02:54:39,0.753,True
0.753,10945562,True,2023-12-05 09:43:23,0.753,True
0.752,10885897,True,2023-11-12 12:19:51,0.752,True
0.752,10873648,True,2023-12-05 23:36:19,0.752,True
0.752,11239040,True,2023-11-30 22:44:00,0.752,True
0.752,11049976,True,2023-12-05 14:18:44,0.752,True
0.752,11174965,True,2023-12-05 12:52:53,0.752,True
0.752,10958035,True,2023-12-04 14:08:33,0.752,True
0.752,10928974,True,2023-12-05 20:42:49,0.752,True
0.752,10873884,True,2023-12-05 17:32:04,0.752,True
0.752,11211042,True,2023-12-05 18:27:57,0.752,True
0.752,10875376,True,2023-12-05 06:00:12,0.752,True
0.752,10872993,True,2023-12-05 21:28:01,0.752,True
0.752,10941830,True,2023-12-05 17:40:34,0.752,True
0.751,10917690,True,2023-12-05 22:05:36,0.751,True
0.751,10873660,True,2023-12-04 03:14:29,0.751,True
0.751,11036402,True,2023-12-05 04:26:12,0.751,True
0.750,11076788,True,2023-12-04 08:17:01,0.750,True
0.750,11218465,True,2023-12-05 19:23:25,0.750,True
0.750,11201566,True,2023-11-20 23:04:07,0.750,True
0.750,11310873,True,2023-12-05 22:57:57,0.750,True
0.750,10931476,True,2023-12-04 08:37:08,0.750,True
0.750,10887555,True,2023-11-05 00:15:52,0.750,True
0.750,10886099,True,2023-11-05 14:04:41,0.750,True
0.750,11186232,True,2023-11-09 12:10:17,0.750,True
0.750,10889653,True,2023-12-01 14:12:49,0.750,True
0.750,11099507,True,2023-12-05 06:19:51,0.750,True
0.750,11026613,True,2023-11-14 03:59:55,0.750,True
0.750,10880793,True,2023-11-27 03:53:53,0.750,True
0.750,11162713,True,2023-12-05 12:10:56,0.750,True
0.750,11312476,True,2023-12-05 12:35:39,0.750,True
0.750,11277442,True,2023-11-24 23:59:40,0.750,True
0.750,10944354,True,2023-11-07 19:56:48,0.750,True
0.750,10883270,True,2023-12-05 17:21:27,0.750,True
0.750,10879524,True,2023-11-04 10:21:36,0.750,True
0.750,10923008,True,2023-12-05 23:27:21,0.750,True
0.750,11200686,True,2023-11-27 01:55:44,0.750,True
0.750,10945299,True,2023-12-03 14:24:58,0.750,True
0.750,10875128,True,2023-12-04 00:27:57,0.750,True
0.750,11302912,True,2023-11-27 06:38:23,0.750,True
0.750,10873257,True,2023-12-04 10:02:03,0.750,True
0.750,11273839,True,2023-12-04 06:43:41,0.750,True
0.750,10875465,True,2023-12-04 23:50:45,0.750,True
0.750,10882463,True,2023-12-05 08:26:00,0.750,True
0.750,10907919,True,2023-11-26 06:14:27,0.750,True
0.750,10886406,True,2023-11-07 23:43:19,0.750,True
0.749,11134853,True,2023-11-19 06:06:26,0.749,True
0.749,11173611,True,2023-11-13 05:47:06,0.749,True
0.749,11190211,True,2023-12-05 21:48:29,0.749,True
0.749,10876695,True,2023-12-05 19:13:21,0.749,True
0.749,11191902,True,2023-12-05 16:04:14,0.749,True
0.749,11249256,True,2023-11-19 01:37:07,0.749,True
0.748,11102359,True,2023-12-05 07:58:50,0.748,True
0.748,10957530,True,2023-10-07 16:49:37,0.748,True
0.748,10939022,True,2023-12-05 08:17:31,0.748,True
0.748,11121097,True,2023-12-05 14:45:52,0.748,True
0.748,10887585,True,2023-12-05 02:11:51,0.748,True
0.748,11315528,True,2023-12-05 23:19:36,0.748,True
0.748,10874496,True,2023-12-04 11:15:55,0.748,True
0.748,10873520,True,2023-12-05 17:22:50,0.748,True
0.747,11135415,True,2023-11-07 00:34:07,0.747,True
0.747,10929437,True,2023-11-13 07:27:09,0.747,True
0.746,11067776,True,2023-11-06 07:43:02,0.746,True
0.746,11082925,True,2023-12-05 14:00:19,0.746,True
0.746,11085568,True,2023-11-28 09:41:07,0.746,True
0.746,10898607,True,2023-12-03 11:38:27,0.746,True
0.745,10944146,True,2023-12-05 12:18:30,0.745,True
0.745,11240744,True,2023-12-05 23:05:45,0.745,True
0.745,11311253,True,2023-12-05 12:22:47,0.745,True
0.745,11146616,True,2023-11-14 15:04:13,0.745,True
0.744,10888133,True,2023-12-02 01:11:20,0.744,True
0.744,10888368,True,2023-12-04 15:23:26,0.744,True
0.744,11075878,True,2023-12-05 14:50:18,0.744,True
0.744,11011667,True,2023-11-14 22:38:12,0.744,True
0.744,11301194,True,2023-11-25 23:20:14,0.744,True
0.744,11071617,True,2023-11-22 03:55:36,0.744,True
0.744,11257335,True,2023-11-17 07:25:13,0.744,True
0.744,10918337,True,2023-11-28 16:35:43,0.744,True
0.743,10931533,True,2023-11-06 01:17:27,0.743,True
0.743,11110322,True,2023-12-05 21:57:33,0.743,True
0.742,11097655,True,2023-11-08 11:22:25,0.742,True
0.742,11198620,True,2023-12-05 16:49:04,0.742,True
0.742,10994539,True,2023-12-05 14:38:15,0.742,True
0.741,10924341,True,2023-11-11 15:46:12,0.741,True
0.741,11144442,True,2023-12-05 20:43:25,0.741,True
0.741,11099411,True,2023-12-04 22:43:58,0.741,True
0.741,10879681,True,2023-11-29 22:17:52,0.741,True
0.741,11058157,True,2023-12-05 17:24:00,0.741,True
0.740,10888083,True,2023-11-30 22:39:06,0.740,True
0.740,11228952,True,2023-11-21 13:05:40,0.740,True
0.739,11074256,True,2023-12-04 06:12:34,0.739,True
0.739,11112181,True,2023-12-05 17:10:29,0.739,True
0.737,10921446,True,2023-12-04 05:59:32,0.737,True
0.736,11108629,True,2023-12-05 13:33:02,0.736,True
0.736,11156049,True,2023-12-04 00:08:12,0.736,True
0.736,11071534,True,2023-12-05 19:23:57,0.736,True
0.735,10872414,True,2023-11-29 11:38:22,0.735,True
0.735,11085059,True,2023-12-05 13:21:38,0.735,True
0.734,10928217,True,2023-11-23 13:08:24,0.734,True
0.734,11240536,True,2023-12-05 19:25:13,0.734,True
0.734,11296504,True,2023-11-27 00:27:56,0.734,True
0.734,11302432,True,2023-12-05 18:19:19,0.734,True
0.733,11064685,True,2023-12-02 02:08:24,0.733,True
0.733,10964761,True,2023-12-03 23:50:40,0.733,True
0.733,11270274,True,2023-12-05 18:44:09,0.733,True
0.733,11031826,True,2023-11-30 20:39:49,0.733,True
0.732,11243355,True,2023-11-22 10:56:16,0.732,True
0.732,11011586,True,2023-12-05 18:43:13,0.732,True
0.732,10927839,True,2023-11-08 08:55:35,0.732,True
0.732,10879066,True,2023-11-22 14:33:42,0.732,True
0.732,10875592,True,2023-12-05 02:25:28,0.732,True
0.732,11129385,True,2023-11-18 11:28:54,0.732,True
0.732,10874112,True,2023-11-23 02:22:58,0.732,True
0.732,11129690,True,2023-12-05 21:17:25,0.732,True
0.732,11038374,True,2023-11-20 16:53:47,0.732,True
0.731,11136683,True,2023-12-04 13:39:32,0.731,True
0.731,11138156,True,2023-11-30 02:24:19,0.731,True
0.731,11280977,True,2023-12-05 05:24:19,0.731,True
0.731,11186223,True,2023-12-05 11:46:24,0.731,True
0.731,11076358,True,2023-12-05 17:15:59,0.731,True
0.731,10972551,True,2023-11-13 16:51:01,0.731,True
0.731,10988904,True,2023-11-10 22:18:29,0.731,True
0.731,10900649,True,2023-11-07 09:56:44,0.731,True
0.731,10938307,True,2023-12-05 02:07:17,0.731,True
0.731,10873310,True,2023-11-13 02:22:42,0.731,True
0.731,10883989,True,2023-12-05 22:21:51,0.731,True
0.731,10876429,True,2023-11-27 17:25:20,0.731,True
0.731,11243689,True,2023-12-04 21:12:30,0.731,True
0.731,11235435,True,2023-12-05 03:34:23,0.731,True
0.731,10933734,True,2023-12-05 11:06:37,0.731,True
0.731,11002822,True,2023-12-05 16:16:00,0.731,True
0.731,11263561,True,2023-12-04 19:42:15,0.731,True
0.731,10898890,True,2023-11-19 19:11:16,0.731,True
0.731,11122056,True,2023-11-24 07:01:16,0.731,True
0.731,10878143,True,2023-12-05 05:18:10,0.731,True
0.731,10924731,True,2023-12-05 14:15:46,0.731,True
0.731,10893710,True,2023-12-03 04:20:34,0.731,True
0.731,10977763,True,2023-11-27 06:59:51,0.731,True
0.731,10974058,True,2023-11-23 21:58:46,0.731,True
0.731,11089053,True,2023-12-05 16:42:09,0.731,True
0.730,11298500,True,2023-12-04 22:16:12,0.730,True
0.730,10877099,True,2023-12-02 12:32:09,0.730,True
0.730,10898388,True,2023-11-20 14:34:46,0.730,True
0.730,10939454,True,2023-12-02 02:02:45,0.730,True
0.730,10887599,True,2023-12-01 02:05:47,0.730,True
0.730,10890035,True,2023-11-30 04:28:52,0.730,True
0.730,10878510,True,2023-12-05 14:51:15,0.730,True
0.729,11105340,True,2023-11-11 05:59:15,0.729,True
0.728,11269831,True,2023-12-05 00:30:09,0.728,True
0.728,11238679,True,2023-11-14 17:58:26,0.728,True
0.728,10947141,True,2023-12-04 13:20:39,0.728,True
0.728,10880561,True,2023-11-06 00:35:51,0.728,True
0.728,11186852,True,2023-11-08 00:00:12,0.728,True
0.728,11302079,True,2023-12-03 07:16:06,0.728,True
0.728,11278580,True,2023-11-21 15:09:46,0.728,True
0.728,11121436,True,2023-11-24 00:10:05,0.728,True
0.728,10907973,True,2023-12-04 13:16:43,0.728,True
0.728,10922506,True,2023-11-19 21:29:32,0.728,True
0.728,11138893,True,2023-11-10 03:55:41,0.728,True
0.728,10875076,True,2023-11-05 10:18:07,0.728,True
0.728,10892961,True,2023-12-04 16:24:25,0.728,True
0.728,10938062,True,2023-11-05 02:36:36,0.728,True
0.728,10873548,True,2023-11-06 08:51:46,0.728,True
0.728,10892646,True,2023-12-04 08:36:42,0.728,True
0.728,10881841,True,2023-11-26 13:15:06,0.728,True
0.728,10980673,True,2023-12-04 13:20:51,0.728,True
0.728,10901166,True,2023-11-23 04:28:14,0.728,True
0.728,11200072,True,2023-11-07 03:16:32,0.728,True
0.728,11238235,True,2023-11-19 22:13:08,0.728,True
0.728,10876219,True,2023-12-05 04:36:40,0.728,True
0.728,10890195,True,2023-11-23 05:14:03,0.728,True
0.728,10873443,True,2023-11-24 01:43:38,0.728,True
0.728,11032618,True,2023-12-05 21:25:44,0.728,True
0.728,11146809,True,2023-12-02 17:20:00,0.728,True
0.728,11073617,True,2023-11-29 04:31:26,0.728,True
0.728,10876847,True,2023-12-01 03:08:29,0.728,True
0.728,10966729,True,2023-12-04 03:59:42,0.728,True
0.728,11121784,True,2023-12-05 06:59:37,0.728,True
0.728,10980716,True,2023-11-21 00:23:48,0.728,True
0.728,10878583,True,2023-12-04 04:27:37,0.728,True
0.728,11149222,True,2023-11-24 02:57:59,0.728,True
0.728,10877008,True,2023-11-27 09:37:49,0.728,True
0.728,11012950,True,2023-12-04 18:35:15,0.728,True
0.728,11266309,True,2023-12-01 11:36:35,0.728,True
0.728,11234600,True,2023-12-04 18:39:57,0.728,True
0.728,10901663,True,2023-11-27 00:46:36,0.728,True
0.728,10949749,True,2023-11-24 18:24:20,0.728,True
0.728,10879214,True,2023-12-03 14:37:17,0.728,True
0.728,11092246,True,2023-12-05 16:15:55,0.728,True
0.728,11237438,True,2023-11-26 05:27:20,0.728,True
0.728,11123946,True,2023-11-20 12:23:40,0.728,True
0.728,10894806,True,2023-11-09 21:36:49,0.728,True
0.728,10913429,True,2023-11-14 07:17:44,0.728,True
0.728,10873532,True,2023-11-09 13:17:55,0.728,True
0.728,11137154,True,2023-11-11 19:01:43,0.728,True
0.728,11230157,True,2023-11-12 05:02:57,0.728,True
0.728,10875952,True,2023-11-04 13:25:14,0.728,True
0.728,11061199,True,2023-11-27 01:21:50,0.728,True
0.728,11295020,True,2023-12-04 08:03:54,0.728,True
0.728,10892870,True,2023-11-04 08:52:46,0.728,True
0.728,11067178,True,2023-11-12 10:00:36,0.728,True
0.728,10920442,True,2023-11-15 00:47:24,0.728,True
0.728,10880667,True,2023-11-16 03:41:39,0.728,True
0.728,11293126,True,2023-11-29 01:19:54,0.728,True
0.728,10882461,True,2023-11-09 04:50:52,0.728,True
0.728,11226819,True,2023-12-03 03:27:50,0.728,True
0.728,11313465,True,2023-12-03 12:22:03,0.728,True
0.728,11307093,True,2023-11-29 11:03:43,0.728,True
0.728,11194156,True,2023-12-04 07:50:50,0.728,True
0.728,11198270,True,2023-11-23 07:18:48,0.728,True
0.728,11050601,True,2023-11-28 07:58:39,0.728,True
0.728,10963925,True,2023-12-02 15:25:22,0.728,True
0.728,10931781,True,2023-11-30 06:41:09,0.728,True
0.728,11264201,True,2023-11-29 08:35:57,0.728,True
0.728,10934000,True,2023-11-10 13:15:06,0.728,True
0.728,10880630,True,2023-11-14 08:47:13,0.728,True
0.728,10928164,True,2023-12-02 15:11:32,0.728,True
0.728,11307515,True,2023-11-29 03:33:40,0.728,True
0.728,10888381,True,2023-11-05 05:34:12,0.728,True
0.728,10894322,True,2023-11-23 05:58:51,0.728,True
0.728,11188395,True,2023-12-04 12:33:42,0.728,True
0.728,11243137,True,2023-11-15 21:06:34,0.728,True
0.728,11112113,True,2023-12-03 11:32:26,0.728,True
0.728,10878231,True,2023-12-05 20:58:45,0.728,True
0.728,10888152,True,2023-11-26 07:41:48,0.728,True
0.728,11156719,True,2023-11-22 19:43:07,0.728,True
0.728,11243619,True,2023-11-22 17:58:43,0.728,True
0.728,10903549,True,2023-12-03 00:11:01,0.728,True
0.728,11186086,True,2023-11-04 07:35:17,0.728,True
0.728,11072337,True,2023-11-14 17:20:21,0.728,True
0.728,11113278,True,2023-11-27 07:15:21,0.728,True
0.728,11249457,True,2023-12-05 15:54:57,0.728,True
0.728,11189940,True,2023-12-01 15:23:49,0.728,True
0.728,10990976,True,2023-11-18 06:15:16,0.728,True
0.728,10880526,True,2023-11-24 10:09:18,0.728,True
0.728,11268800,True,2023-11-19 16:30:52,0.728,True
0.728,11167255,True,2023-11-08 15:13:08,0.728,True
0.728,11133521,True,2023-11-28 02:39:18,0.728,True
0.728,10877306,True,2023-11-23 05:21:33,0.728,True
0.728,10925683,True,2023-11-21 12:27:30,0.728,True
0.728,11267925,True,2023-11-20 01:57:00,0.728,True
0.728,11185973,True,2023-11-04 15:35:23,0.728,True
0.728,10945634,True,2023-11-27 22:28:23,0.728,True
0.728,10889007,True,2023-11-30 06:38:42,0.728,True
0.728,10873595,True,2023-11-04 10:11:31,0.728,True
0.728,10892237,True,2023-12-01 03:26:18,0.728,True
0.728,10883849,True,2023-11-05 04:40:30,0.728,True
0.728,10927302,True,2023-11-04 14:55:05,0.728,True
0.728,10885290,True,2023-11-11 08:34:10,0.728,True
0.728,11179013,True,2023-11-04 11:52:15,0.728,True
0.728,11187117,True,2023-11-04 12:17:19,0.728,True
0.728,10932890,True,2023-11-08 08:15:28,0.728,True
0.728,10991731,True,2023-11-28 14:38:38,0.728,True
0.728,10873194,True,2023-11-07 07:50:58,0.728,True
0.728,11131064,True,2023-11-22 16:18:12,0.728,True
0.728,11052417,True,2023-11-04 13:38:10,0.728,True
0.728,11187465,True,2023-11-04 14:14:27,0.728,True
0.728,10957467,True,2023-11-22 00:30:33,0.728,True
0.728,10881263,True,2023-12-02 12:38:24,0.728,True
0.728,10876814,True,2023-11-05 17:22:12,0.728,True
0.728,10930130,True,2023-11-20 09:55:49,0.728,True
0.728,10935858,True,2023-11-04 18:37:26,0.728,True
0.728,11143653,True,2023-11-13 21:02:32,0.728,True
0.728,11152301,True,2023-11-06 01:03:49,0.728,True
0.728,11107676,True,2023-11-04 22:35:22,0.728,True
0.728,11189401,True,2023-11-05 00:56:07,0.728,True
0.728,10883956,True,2023-12-05 10:06:40,0.728,True
0.728,10995854,True,2023-11-05 02:36:39,0.728,True
0.728,10876095,True,2023-11-05 09:49:29,0.728,True
0.728,10955075,True,2023-11-24 03:38:53,0.728,True
0.728,10873123,True,2023-11-20 02:29:18,0.728,True
0.728,10930541,True,2023-11-05 19:24:27,0.728,True
0.728,11080246,True,2023-11-30 19:47:02,0.728,True
0.728,10923990,True,2023-12-05 08:36:48,0.728,True
0.728,10874161,True,2023-11-05 09:19:33,0.728,True
0.728,11052309,True,2023-11-05 09:55:16,0.728,True
0.728,11151179,True,2023-11-27 14:42:07,0.728,True
0.728,10886363,True,2023-11-08 12:52:16,0.728,True
0.728,10952031,True,2023-12-05 15:25:46,0.728,True
0.728,10971987,True,2023-11-10 14:09:52,0.728,True
0.728,11191685,True,2023-11-05 13:53:25,0.728,True
0.728,10942184,True,2023-12-02 05:44:18,0.728,True
0.728,11011489,True,2023-11-08 08:10:25,0.728,True
0.728,11064041,True,2023-11-15 14:13:02,0.728,True
0.728,11113921,True,2023-11-24 08:43:56,0.728,True
0.728,10920217,True,2023-11-06 04:06:10,0.728,True
0.728,11194710,True,2023-11-06 15:28:09,0.728,True
0.728,10921049,True,2023-11-06 06:51:29,0.728,True
0.728,10892349,True,2023-11-25 08:17:56,0.728,True
0.728,10886424,True,2023-11-06 12:58:11,0.728,True
0.728,11196962,True,2023-11-06 13:07:27,0.728,True
0.728,11197965,True,2023-11-06 15:49:57,0.728,True
0.728,11198875,True,2023-11-08 03:47:18,0.728,True
0.728,11079632,True,2023-11-29 08:21:45,0.728,True
0.728,11128676,True,2023-11-08 05:07:01,0.728,True
0.728,11152476,True,2023-11-10 18:13:41,0.728,True
0.728,10901486,True,2023-11-28 02:37:34,0.728,True
0.728,11202160,True,2023-11-07 08:17:43,0.728,True
0.728,10947879,True,2023-11-29 09:22:04,0.728,True
0.728,10947668,True,2023-11-29 15:13:00,0.728,True
0.728,11076650,True,2023-12-05 14:16:36,0.728,True
0.728,11113425,True,2023-11-07 10:23:54,0.728,True
0.728,10926284,True,2023-11-07 14:17:23,0.728,True
0.728,10908949,True,2023-11-17 06:02:27,0.728,True
0.728,11056446,True,2023-11-07 17:00:14,0.728,True
0.728,11051040,True,2023-12-04 08:33:51,0.728,True
0.728,11085274,True,2023-12-05 11:34:14,0.728,True
0.728,11044936,True,2023-11-09 11:40:20,0.728,True
0.728,10878900,True,2023-11-08 07:21:06,0.728,True
0.728,11115626,True,2023-11-25 10:02:19,0.728,True
0.728,10878651,True,2023-12-05 08:48:00,0.728,True
0.728,10953698,True,2023-11-08 12:40:32,0.728,True
0.728,11073565,True,2023-11-08 13:03:55,0.728,True
0.728,10891330,True,2023-11-24 18:32:59,0.728,True
0.728,10874407,True,2023-11-08 14:49:23,0.728,True
0.728,11143225,True,2023-11-17 12:33:02,0.728,True
0.728,11214399,True,2023-12-05 20:32:03,0.728,True
0.728,10896530,True,2023-11-09 00:57:08,0.728,True
0.728,11124518,True,2023-11-09 04:47:30,0.728,True
0.728,11161682,True,2023-11-13 09:40:54,0.728,True
0.728,11162809,True,2023-11-22 10:40:11,0.728,True
0.728,11217194,True,2023-11-15 12:31:09,0.728,True
0.728,10890719,True,2023-12-05 13:02:09,0.728,True
0.728,10877393,True,2023-11-09 17:26:50,0.728,True
0.728,10883912,True,2023-11-10 00:20:13,0.728,True
0.728,10963489,True,2023-11-10 01:38:09,0.728,True
0.728,11015936,True,2023-11-10 03:47:15,0.728,True
0.728,11083003,True,2023-11-10 06:57:42,0.728,True
0.728,10894267,True,2023-11-10 15:10:03,0.728,True
0.728,10877335,True,2023-11-10 15:59:21,0.728,True
0.728,10941671,True,2023-11-11 01:10:47,0.728,True
0.728,10959960,True,2023-11-11 02:30:26,0.728,True
0.728,11215272,True,2023-11-11 07:02:58,0.728,True
0.728,10873263,True,2023-11-11 14:41:07,0.728,True
0.728,10904045,True,2023-11-12 07:55:51,0.728,True
0.728,11077675,True,2023-11-11 15:42:10,0.728,True
0.728,10883605,True,2023-11-11 16:12:39,0.728,True
0.728,11082604,True,2023-11-30 02:27:38,0.728,True
0.728,10923749,True,2023-11-14 10:12:12,0.728,True
0.728,10928205,True,2023-11-12 06:35:50,0.728,True
0.728,10920532,True,2023-11-16 10:12:04,0.728,True
0.728,11231655,True,2023-11-12 11:57:17,0.728,True
0.728,11231768,True,2023-11-12 12:25:46,0.728,True
0.728,10880516,True,2023-11-13 04:58:04,0.728,True
0.728,10892844,True,2023-12-04 13:03:10,0.728,True
0.728,11237301,True,2023-11-13 15:13:43,0.728,True
0.728,11005394,True,2023-11-13 16:42:33,0.728,True
0.728,10899032,True,2023-11-13 19:30:04,0.728,True
0.728,10873280,True,2023-11-30 02:00:06,0.728,True
0.728,11234753,True,2023-12-05 22:17:29,0.728,True
0.728,11215803,True,2023-11-14 03:51:30,0.728,True
0.728,10877889,True,2023-11-14 07:36:42,0.728,True
0.728,10970629,True,2023-11-28 14:06:48,0.728,True
0.728,11153002,True,2023-11-14 12:26:19,0.728,True
0.728,11234673,True,2023-11-14 14:29:15,0.728,True
0.728,10915870,True,2023-12-05 02:53:59,0.728,True
0.728,10986370,True,2023-11-27 18:31:27,0.728,True
0.728,11245449,True,2023-11-14 23:42:34,0.728,True
0.728,11020181,True,2023-12-05 23:32:36,0.728,True
0.728,10875364,True,2023-11-15 06:02:17,0.728,True
0.728,11059071,True,2023-11-30 12:08:15,0.728,True
0.728,11033854,True,2023-11-15 12:49:19,0.728,True
0.728,11062017,True,2023-11-20 23:59:37,0.728,True
0.728,11142099,True,2023-11-28 22:24:05,0.728,True
0.728,11158620,True,2023-11-16 03:08:52,0.728,True
0.728,10888570,True,2023-11-28 11:11:41,0.728,True
0.728,11248070,True,2023-11-25 14:36:50,0.728,True
0.728,10881573,True,2023-12-04 16:55:30,0.728,True
0.728,11191417,True,2023-11-17 10:54:07,0.728,True
0.728,11254901,True,2023-11-16 15:27:29,0.728,True
0.728,10876597,True,2023-11-17 12:48:38,0.728,True
0.728,10943188,True,2023-11-17 07:01:21,0.728,True
0.728,11217758,True,2023-11-26 05:39:31,0.728,True
0.728,10879430,True,2023-11-17 13:15:51,0.728,True
0.728,10893007,True,2023-12-05 07:06:14,0.728,True
0.728,10891473,True,2023-11-17 17:24:57,0.728,True
0.728,10935956,True,2023-11-19 06:15:35,0.728,True
0.728,11169547,True,2023-11-18 06:25:34,0.728,True
0.728,11112854,True,2023-11-18 06:27:58,0.728,True
0.728,11262940,True,2023-11-18 08:41:04,0.728,True
0.728,11262180,True,2023-11-18 09:49:18,0.728,True
0.728,11264396,True,2023-11-18 14:09:39,0.728,True
0.728,11253634,True,2023-11-18 17:36:45,0.728,True
0.728,11220365,True,2023-11-20 23:33:53,0.728,True
0.728,11061132,True,2023-11-19 12:36:23,0.728,True
0.728,10894103,True,2023-11-19 21:48:29,0.728,True
0.728,10874936,True,2023-11-19 18:17:40,0.728,True
0.728,11268479,True,2023-12-04 06:40:09,0.728,True
0.728,10885649,True,2023-11-20 04:12:24,0.728,True
0.728,10878887,True,2023-12-05 23:32:09,0.728,True
0.728,11272097,True,2023-11-20 09:06:46,0.728,True
0.728,10959582,True,2023-11-30 15:07:46,0.728,True
0.728,11261835,True,2023-12-01 14:51:19,0.728,True
0.728,11272895,True,2023-11-20 11:52:08,0.728,True
0.728,11272964,True,2023-11-20 12:03:19,0.728,True
0.728,10880871,True,2023-11-28 10:49:33,0.728,True
0.728,10896563,True,2023-11-20 14:50:27,0.728,True
0.728,11266638,True,2023-12-03 17:56:00,0.728,True
0.728,11274175,True,2023-11-20 15:17:53,0.728,True
0.728,11274498,True,2023-11-20 16:16:55,0.728,True
0.728,11156473,True,2023-11-20 16:59:31,0.728,True
0.728,11072020,True,2023-12-05 05:00:50,0.728,True
0.728,11016313,True,2023-11-24 14:52:56,0.728,True
0.728,10882021,True,2023-11-21 03:00:26,0.728,True
0.728,10897482,True,2023-11-21 03:55:09,0.728,True
0.728,11161182,True,2023-11-25 04:47:46,0.728,True
0.728,11234832,True,2023-11-23 01:41:04,0.728,True
0.728,11277808,True,2023-11-21 12:21:45,0.728,True
0.728,10874550,True,2023-11-21 08:14:16,0.728,True
0.728,11196850,True,2023-11-21 11:59:38,0.728,True
0.728,10930637,True,2023-11-21 17:08:47,0.728,True
0.728,11047350,True,2023-11-21 14:58:57,0.728,True
0.728,10987316,True,2023-11-21 17:16:48,0.728,True
0.728,11280050,True,2023-11-22 03:30:27,0.728,True
0.728,10878615,True,2023-11-21 22:43:55,0.728,True
0.728,11282258,True,2023-11-25 13:39:44,0.728,True
0.728,11259795,True,2023-11-22 07:13:26,0.728,True
0.728,11015766,True,2023-11-24 11:02:02,0.728,True
0.728,10910065,True,2023-11-22 10:44:28,0.728,True
0.728,10920630,True,2023-11-22 15:05:53,0.728,True
0.728,11285586,True,2023-11-23 06:37:32,0.728,True
0.728,10927020,True,2023-11-22 17:09:28,0.728,True
0.728,11286691,True,2023-11-22 20:00:21,0.728,True
0.728,11271590,True,2023-11-23 02:03:07,0.728,True
0.728,11270740,True,2023-11-23 02:26:21,0.728,True
0.728,10884890,True,2023-11-23 06:24:50,0.728,True
0.728,10902021,True,2023-11-23 16:41:50,0.728,True
0.728,11109312,True,2023-12-04 02:40:20,0.728,True
0.728,10990913,True,2023-11-23 20:33:28,0.728,True
0.728,11132715,True,2023-11-24 01:49:20,0.728,True
0.728,11293344,True,2023-11-24 03:50:40,0.728,True
0.728,10873541,True,2023-11-24 06:15:10,0.728,True
0.728,11138951,True,2023-11-24 06:47:22,0.728,True
0.728,10964858,True,2023-11-24 07:11:34,0.728,True
0.728,11235190,True,2023-11-24 12:21:12,0.728,True
0.728,11006007,True,2023-11-24 15:49:09,0.728,True
0.728,11296341,True,2023-11-24 17:17:34,0.728,True
0.728,11266344,True,2023-11-25 10:10:15,0.728,True
0.728,10981650,True,2023-11-25 06:29:51,0.728,True
0.728,11298663,True,2023-11-29 00:44:13,0.728,True
0.728,11175839,True,2023-11-25 13:03:18,0.728,True
0.728,11281549,True,2023-11-25 16:03:24,0.728,True
0.728,10998387,True,2023-11-25 16:53:22,0.728,True
0.728,10896906,True,2023-11-25 18:47:50,0.728,True
0.728,11301961,True,2023-11-26 05:14:54,0.728,True
0.728,11130675,True,2023-11-26 12:28:50,0.728,True
0.728,11303390,True,2023-11-26 13:39:03,0.728,True
0.728,11155552,True,2023-12-05 13:42:57,0.728,True
0.728,10878287,True,2023-11-26 15:55:16,0.728,True
0.728,11111659,True,2023-12-03 15:38:22,0.728,True
0.728,10887107,True,2023-11-26 20:06:30,0.728,True
0.728,11304450,True,2023-11-27 07:04:10,0.728,True
0.728,11153408,True,2023-11-27 06:40:01,0.728,True
0.728,11293420,True,2023-11-27 08:40:14,0.728,True
0.728,11236052,True,2023-11-27 10:48:16,0.728,True
0.728,11277093,True,2023-12-05 16:17:41,0.728,True
0.728,11304948,True,2023-11-27 15:03:56,0.728,True
0.728,11013566,True,2023-11-27 20:35:40,0.728,True
0.728,11302093,True,2023-11-28 02:15:15,0.728,True
0.728,11272707,True,2023-12-04 16:05:55,0.728,True
0.728,11261645,True,2023-11-29 07:34:47,0.728,True
0.728,11109922,True,2023-11-29 12:02:36,0.728,True
0.728,11155764,True,2023-11-28 09:59:58,0.728,True
0.728,10886165,True,2023-12-05 17:08:34,0.728,True
0.728,11315685,True,2023-11-29 07:24:57,0.728,True
0.728,11266096,True,2023-11-29 00:38:27,0.728,True
0.728,11286238,True,2023-11-29 03:45:22,0.728,True
0.728,11039562,True,2023-12-03 07:04:47,0.728,True
0.728,11234320,True,2023-11-29 06:09:03,0.728,True
0.728,11297372,True,2023-11-29 06:54:03,0.728,True
0.728,10941140,True,2023-12-05 06:50:56,0.728,True
0.728,11288163,True,2023-12-03 06:57:25,0.728,True
0.728,10947435,True,2023-11-30 20:03:11,0.728,True
0.728,11270504,True,2023-12-04 14:42:47,0.728,True
0.728,11167563,True,2023-11-29 12:48:36,0.728,True
0.728,11259782,True,2023-11-29 13:53:32,0.728,True
0.728,10887201,True,2023-11-29 15:50:02,0.728,True
0.728,10880362,True,2023-11-29 15:58:45,0.728,True
0.728,10889596,True,2023-12-04 03:22:07,0.728,True
0.728,11043417,True,2023-11-30 02:43:56,0.728,True
0.728,10889109,True,2023-11-30 08:21:35,0.728,True
0.728,10957562,True,2023-12-03 15:18:12,0.728,True
0.728,11077490,True,2023-12-01 05:30:10,0.728,True
0.728,10926127,True,2023-12-02 02:18:40,0.728,True
0.728,11089645,True,2023-12-05 12:28:43,0.728,True
0.728,11240603,True,2023-12-02 07:52:49,0.728,True
0.728,11307060,True,2023-12-01 13:52:02,0.728,True
0.728,10909782,True,2023-12-01 14:19:50,0.728,True
0.728,11001240,True,2023-12-01 19:04:32,0.728,True
0.728,11064341,True,2023-12-05 14:52:56,0.728,True
0.728,10965757,True,2023-12-02 10:24:03,0.728,True
0.728,10893980,True,2023-12-02 14:00:17,0.728,True
0.728,10882295,True,2023-12-02 14:25:43,0.728,True
0.728,10896308,True,2023-12-04 02:53:38,0.728,True
0.728,10930271,True,2023-12-02 15:05:09,0.728,True
0.728,11091602,True,2023-12-05 10:11:31,0.728,True
0.728,11316928,True,2023-12-02 16:51:42,0.728,True
0.728,11101894,True,2023-12-05 23:55:35,0.728,True
0.728,10926947,True,2023-12-05 16:20:30,0.728,True
0.728,11057348,True,2023-12-05 23:47:34,0.728,True
0.728,11150534,True,2023-12-03 10:33:04,0.728,True
0.728,11086182,True,2023-12-03 20:41:41,0.728,True
0.728,11230372,True,2023-12-04 03:27:22,0.728,True
0.728,10997561,True,2023-12-04 04:40:13,0.728,True
0.728,10926977,True,2023-12-04 06:19:41,0.728,True
0.728,11288974,True,2023-12-05 03:29:27,0.728,True
0.728,10998377,True,2023-12-04 07:57:48,0.728,True
0.728,11029937,True,2023-12-05 20:51:45,0.728,True
0.728,11096074,True,2023-12-04 12:42:04,0.728,True
0.728,11307211,True,2023-12-04 11:04:53,0.728,True
0.728,10924600,True,2023-12-04 11:06:57,0.728,True
0.728,10875103,True,2023-12-04 12:42:17,0.728,True
0.728,10878718,True,2023-12-04 14:38:36,0.728,True
0.728,10872837,True,2023-12-04 16:12:33,0.728,True
0.728,10984672,True,2023-12-04 16:26:01,0.728,True
0.728,10873476,True,2023-12-04 18:34:10,0.728,True
0.728,11132031,True,2023-12-04 22:19:40,0.728,True
0.728,10922012,True,2023-12-04 22:21:27,0.728,True
0.728,10897306,True,2023-12-05 01:48:09,0.728,True
0.728,11102688,True,2023-12-05 01:21:30,0.728,True
0.728,10901424,True,2023-12-05 01:28:21,0.728,True
0.728,10938191,True,2023-12-05 22:58:34,0.728,True
0.728,10880707,True,2023-12-05 04:40:20,0.728,True
0.728,11215518,True,2023-12-05 05:19:13,0.728,True
0.728,11247512,True,2023-12-05 06:42:16,0.728,True
0.728,11285399,True,2023-12-05 12:47:14,0.728,True
0.728,10876740,True,2023-12-05 19:12:45,0.728,True
0.728,10953291,True,2023-12-05 13:03:59,0.728,True
0.728,10920394,True,2023-12-05 13:41:24,0.728,True
0.728,11247410,True,2023-12-05 15:27:43,0.728,True
0.728,11222546,True,2023-12-05 16:12:27,0.728,True
0.728,11191373,True,2023-12-05 16:33:42,0.728,True
0.728,11213148,True,2023-11-08 17:15:20,0.728,True
0.728,10903323,True,2023-11-13 13:44:20,0.728,True
0.728,11265907,True,2023-11-18 22:58:44,0.728,True
0.728,10873170,True,2023-12-05 14:14:24,0.728,True
0.728,10896301,True,2023-11-22 09:17:01,0.728,True
0.728,11246340,True,2023-11-23 16:35:19,0.728,True
0.728,10883925,True,2023-12-02 09:20:44,0.728,True
0.728,10932662,True,2023-12-04 15:16:42,0.728,True
0.728,11208133,True,2023-11-15 15:58:09,0.728,True
0.728,11230887,True,2023-11-14 11:47:34,0.728,True
0.728,10903134,True,2023-11-20 23:44:26,0.728,True
0.728,10878678,True,2023-11-26 06:04:39,0.728,True
0.728,10938392,True,2023-11-19 11:16:23,0.728,True
0.728,11304395,True,2023-12-05 17:04:08,0.728,True
0.728,10872676,True,2023-11-15 16:40:06,0.728,True
0.728,11236988,True,2023-11-19 17:31:42,0.728,True
0.728,10904475,True,2023-11-25 19:47:37,0.728,True
0.728,11048256,True,2023-12-05 10:19:00,0.728,True
0.728,11053880,True,2023-12-05 14:10:34,0.728,True
0.728,11200568,True,2023-11-07 02:43:41,0.728,True
0.728,10879724,True,2023-11-09 05:13:16,0.728,True
0.728,11172113,True,2023-11-14 07:31:53,0.728,True
0.728,11273179,True,2023-11-20 12:46:55,0.728,True
0.728,11297958,True,2023-11-27 08:28:30,0.728,True
0.728,10929398,True,2023-12-05 17:06:24,0.728,True
0.728,10888129,True,2023-11-26 08:28:16,0.728,True
0.728,11147685,True,2023-11-07 08:45:08,0.728,True
0.728,10875682,True,2023-11-27 13:26:47,0.728,True
0.728,11307574,True,2023-11-28 14:15:19,0.728,True
0.728,11115075,True,2023-11-28 13:06:15,0.728,True
0.728,11176721,True,2023-11-04 14:58:32,0.728,True
0.728,11253306,True,2023-11-30 00:38:47,0.728,True
0.728,11257748,True,2023-11-17 06:24:26,0.728,True
0.728,11222299,True,2023-11-11 03:43:02,0.728,True
0.728,11141619,True,2023-11-16 03:26:05,0.728,True
0.728,11154014,True,2023-11-27 08:55:34,0.728,True
0.728,10908065,True,2023-11-06 02:42:40,0.728,True
0.728,10896460,True,2023-11-07 14:42:09,0.728,True
0.728,10927408,True,2023-11-04 18:26:53,0.728,True
0.728,11114599,True,2023-11-27 14:13:22,0.728,True
0.728,10901896,True,2023-12-05 03:50:49,0.728,True
0.728,11238889,True,2023-11-13 21:37:04,0.728,True
0.728,11094944,True,2023-12-04 23:32:10,0.728,True
0.728,10890477,True,2023-11-27 05:06:16,0.728,True
0.728,10883993,True,2023-12-02 04:49:22,0.728,True
0.728,11277014,True,2023-11-21 05:57:54,0.728,True
0.728,11054387,True,2023-12-05 16:36:26,0.728,True
0.728,10901673,True,2023-11-19 09:42:20,0.728,True
0.728,11091161,True,2023-12-05 21:37:39,0.728,True
0.728,11215974,True,2023-11-13 09:37:10,0.728,True
0.728,11284341,True,2023-12-05 22:17:27,0.728,True
0.728,10873508,True,2023-12-05 18:51:47,0.728,True
0.728,11235085,True,2023-11-27 11:00:28,0.728,True
0.728,10895263,True,2023-11-22 07:35:41,0.728,True
0.728,10935380,True,2023-11-18 22:01:39,0.728,True
0.728,11267222,True,2023-11-19 09:10:24,0.728,True
0.728,11293583,True,2023-12-02 07:08:47,0.728,True
0.728,11308488,True,2023-11-27 12:13:06,0.728,True
0.728,11308506,True,2023-11-27 12:13:22,0.728,True
0.728,10960026,True,2023-11-27 12:37:02,0.728,True
0.728,10883213,True,2023-12-03 09:52:03,0.728,True
0.728,11278909,True,2023-12-04 08:01:35,0.728,True
0.728,11208671,True,2023-11-08 03:16:57,0.728,True
0.728,10879949,True,2023-12-05 01:10:12,0.728,True
0.728,10930652,True,2023-11-27 10:44:48,0.728,True
0.727,10878609,True,2023-12-04 13:43:34,0.727,True
0.727,10876028,True,2023-12-05 21:57:10,0.727,True
0.726,10878820,True,2023-11-15 02:30:25,0.726,True
0.726,11198936,True,2023-11-25 13:23:14,0.726,True
0.726,11169372,True,2023-11-21 03:58:20,0.726,True
0.725,11053544,True,2023-11-09 20:04:07,0.725,True
0.723,10912152,True,2023-11-25 01:31:31,0.723,True
0.720,11051159,True,2023-12-05 15:16:06,0.720,True
0.719,11084552,True,2023-11-24 07:10:29,0.719,True
0.719,11248765,True,2023-11-17 17:48:36,0.719,True
0.719,10872438,True,2023-12-01 07:57:12,0.719,True
0.719,11215693,True,2023-11-18 00:04:55,0.719,True
0.719,11144174,True,2023-11-19 07:09:08,0.719,True
0.719,11251563,True,2023-11-19 07:57:36,0.719,True
0.719,11271084,True,2023-12-05 07:56:05,0.719,True
0.719,11123883,True,2023-11-20 13:11:09,0.719,True
0.719,10986332,True,2023-11-20 14:05:38,0.719,True
0.719,11012735,True,2023-11-20 19:10:00,0.719,True
0.719,11153658,True,2023-11-21 14:02:49,0.719,True
0.719,11236171,True,2023-11-21 16:46:33,0.719,True
0.719,11179629,True,2023-11-22 15:54:44,0.719,True
0.719,10874861,True,2023-12-01 02:11:57,0.719,True
0.719,10932946,True,2023-11-23 10:26:06,0.719,True
0.719,10937470,True,2023-11-24 12:06:38,0.719,True
0.719,11297856,True,2023-11-25 04:50:55,0.719,True
0.719,11004853,True,2023-11-27 09:19:40,0.719,True
0.719,11028942,True,2023-11-26 03:50:56,0.719,True
0.719,10873366,True,2023-11-26 14:37:11,0.719,True
0.719,10998116,True,2023-11-27 10:17:32,0.719,True
0.719,10888416,True,2023-11-27 07:27:32,0.719,True
0.719,10965034,True,2023-11-27 15:37:06,0.719,True
0.719,11070112,True,2023-11-27 14:20:17,0.719,True
0.719,11309821,True,2023-11-27 16:22:13,0.719,True
0.719,11002754,True,2023-11-27 18:44:03,0.719,True
0.719,11006950,True,2023-11-28 03:04:09,0.719,True
0.719,11230847,True,2023-11-28 17:22:43,0.719,True
0.719,10941665,True,2023-11-28 23:21:03,0.719,True
0.719,11306637,True,2023-11-29 01:51:33,0.719,True
0.719,11150302,True,2023-11-29 06:47:10,0.719,True
0.719,11230349,True,2023-11-30 09:33:02,0.719,True
0.719,10932673,True,2023-11-29 11:25:05,0.719,True
0.719,10932565,True,2023-12-05 14:56:24,0.719,True
0.719,11054991,True,2023-11-29 23:49:24,0.719,True
0.719,11059953,True,2023-11-30 14:15:34,0.719,True
0.719,10943809,True,2023-12-03 12:01:03,0.719,True
0.719,11307360,True,2023-12-04 18:09:04,0.719,True
0.719,11198385,True,2023-12-02 02:29:34,0.719,True
0.719,10932830,True,2023-12-02 05:54:25,0.719,True
0.719,11153684,True,2023-12-02 13:57:57,0.719,True
0.719,10879472,True,2023-12-03 22:27:57,0.719,True
0.719,11241166,True,2023-12-04 06:45:14,0.719,True
0.719,10987621,True,2023-12-05 14:50:41,0.719,True
0.719,11253180,True,2023-12-04 16:32:11,0.719,True
0.719,11255764,True,2023-12-04 14:46:07,0.719,True
0.719,11249535,True,2023-12-04 21:02:38,0.719,True
0.719,10990696,True,2023-12-05 07:01:04,0.719,True
0.719,10897233,True,2023-12-05 12:44:41,0.719,True
0.719,11249912,True,2023-12-05 13:07:50,0.719,True
0.719,11268601,True,2023-12-05 16:50:53,0.719,True
0.719,11212267,True,2023-12-05 18:24:31,0.719,True
0.719,11229188,True,2023-12-05 18:44:01,0.719,True
0.719,11145415,True,2023-12-05 04:19:55,0.719,True
0.718,11088681,True,2023-12-04 12:28:16,0.718,True
0.718,10956342,True,2023-11-16 03:52:56,0.718,True
0.718,11286067,True,2023-12-05 18:46:05,0.718,True
0.718,11175361,True,2023-12-05 15:14:41,0.718,True
0.718,10991299,True,2023-12-04 13:22:05,0.718,True
0.717,10875715,True,2023-11-28 10:09:08,0.717,True
0.716,11054370,True,2023-11-29 00:42:23,0.716,True
0.716,11270784,True,2023-12-05 18:54:08,0.716,True
0.716,10873076,True,2023-12-04 22:32:26,0.716,True
0.715,11290882,True,2023-12-05 18:34:55,0.715,True
0.715,11148552,True,2023-12-04 17:57:50,0.715,True
0.714,10872721,True,2023-11-13 04:12:11,0.714,True
0.712,10922967,True,2023-11-11 10:42:05,0.712,True
0.712,10878459,True,2023-12-03 04:44:06,0.712,True
0.711,10875856,True,2023-12-05 15:28:45,0.711,True
0.710,11055440,True,2023-11-14 07:00:02,0.710,True
0.710,11162590,True,2023-11-23 06:05:24,0.710,True
0.710,10932666,True,2023-11-13 08:11:13,0.710,True
0.710,10986159,True,2023-11-06 13:44:26,0.710,True
0.710,11079517,True,2023-12-01 12:40:27,0.710,True
0.710,11110691,True,2023-11-08 10:54:07,0.710,True
0.710,10875765,True,2023-11-11 10:22:13,0.710,True
0.710,11123347,True,2023-11-09 08:01:00,0.710,True
0.710,11216685,True,2023-11-23 06:16:19,0.710,True
0.710,10970693,True,2023-11-09 10:13:49,0.710,True
0.710,10886331,True,2023-12-05 20:16:14,0.710,True
0.710,11220980,True,2023-11-10 08:34:34,0.710,True
0.710,11143322,True,2023-11-10 20:05:25,0.710,True
0.710,10928456,True,2023-11-11 10:10:26,0.710,True
0.710,11231920,True,2023-11-12 13:40:11,0.710,True
0.710,11129268,True,2023-11-12 13:45:25,0.710,True
0.710,11229108,True,2023-11-13 01:50:45,0.710,True
0.710,11234087,True,2023-12-05 20:03:47,0.710,True
0.710,11062691,True,2023-11-13 02:47:46,0.710,True
0.710,10936627,True,2023-11-20 07:45:53,0.710,True
0.710,11046895,True,2023-11-14 13:03:32,0.710,True
0.710,10951035,True,2023-11-14 20:52:18,0.710,True
0.710,11245235,True,2023-11-14 22:21:43,0.710,True
0.710,11167309,True,2023-11-15 09:04:09,0.710,True
0.710,11201816,True,2023-12-04 08:45:05,0.710,True
0.710,11064866,True,2023-11-27 16:07:43,0.710,True
0.710,11288647,True,2023-12-05 12:28:55,0.710,True
0.710,11199107,True,2023-11-08 19:10:09,0.710,True
0.710,11201833,True,2023-11-29 15:05:35,0.710,True
0.710,11126646,True,2023-11-27 13:34:17,0.710,True
0.709,10878525,True,2023-11-04 22:32:05,0.709,True
0.708,11261978,True,2023-11-18 05:02:41,0.708,True
0.708,11261864,True,2023-11-18 05:27:24,0.708,True
0.708,11089411,True,2023-11-28 18:22:58,0.708,True
0.708,11271815,True,2023-11-28 12:30:45,0.708,True
0.708,11008945,True,2023-11-23 04:32:41,0.708,True
0.708,11209736,True,2023-12-05 15:55:58,0.708,True
0.708,10963993,True,2023-11-27 12:59:16,0.708,True
0.708,11077639,True,2023-11-27 14:29:34,0.708,True
0.708,10908716,True,2023-11-30 05:57:10,0.708,True
0.708,11098184,True,2023-11-28 15:44:12,0.708,True
0.708,11307090,True,2023-11-28 17:48:18,0.708,True
0.708,11309210,True,2023-12-05 02:56:25,0.708,True
0.708,11199780,True,2023-12-03 22:53:43,0.708,True
0.708,11134430,True,2023-12-05 17:50:13,0.708,True
0.707,11153938,True,2023-11-06 10:31:05,0.707,True
0.707,11173918,True,2023-11-21 12:50:00,0.707,True
0.707,10889362,True,2023-11-16 17:52:43,0.707,True
0.707,11258959,True,2023-11-28 00:34:57,0.707,True
0.707,11218024,True,2023-11-18 02:07:39,0.707,True
0.707,11275973,True,2023-12-05 21:07:32,0.707,True
0.706,10884193,True,2023-11-03 08:22:13,0.706,True
0.706,10879993,True,2023-12-05 15:33:36,0.706,True
0.704,10904908,True,2023-12-03 20:59:00,0.704,True
0.702,11148206,True,2023-12-05 11:03:31,0.702,True
0.701,10875602,True,2023-11-09 12:10:20,0.701,True
0.700,11247777,True,2023-11-15 11:55:45,0.700,True
0.700,11248009,True,2023-11-15 10:28:50,0.700,True
0.697,10989146,True,2023-11-29 14:48:26,0.697,True
0.695,11258348,True,2023-11-30 05:48:23,0.695,True
0.695,11056836,True,2023-12-05 02:18:58,0.695,True
0.694,11072382,True,2023-12-04 13:15:40,0.694,True
0.693,10895899,True,2023-10-17 13:28:14,0.693,True
0.692,10882556,True,2023-12-05 15:45:21,0.692,True
0.692,10963760,True,2023-11-06 01:11:23,0.692,True
0.687,11062674,True,2023-11-02 03:11:53,0.687,True
0.686,10974713,True,2023-11-21 23:07:27,0.686,True
0.686,11071783,True,2023-11-21 02:29:48,0.686,True
0.684,11261604,True,2023-12-02 14:26:40,0.684,True
0.681,11072325,True,2023-12-05 10:06:30,0.681,True
0.679,10884986,True,2023-12-05 17:56:13,0.679,True
0.678,10966361,True,2023-11-06 21:00:40,0.678,True
0.677,10895114,True,2023-12-02 15:04:26,0.677,True
0.675,10892774,True,2023-11-07 03:19:06,0.675,True
0.675,11302739,True,2023-11-29 02:52:30,0.675,True
0.674,10925408,True,2023-11-04 15:58:24,0.674,True
0.674,10877896,True,2023-11-08 20:46:54,0.674,True
0.672,10894485,True,2023-11-04 06:04:19,0.672,True
0.670,11230940,True,2023-11-30 13:14:42,0.670,True
0.669,10878795,True,2023-11-16 12:03:32,0.669,True
0.667,10924092,True,2023-11-21 10:06:06,0.667,True
0.667,11224753,True,2023-12-05 20:09:32,0.667,True
0.665,11012368,True,2023-10-19 17:52:52,0.665,True
0.665,11123416,True,2023-11-14 02:40:30,0.665,True
0.665,10878031,True,2023-10-24 12:31:28,0.665,True
0.665,10951191,True,2023-11-18 13:15:38,0.665,True
0.664,10873147,True,2023-11-20 03:27:20,0.664,True
0.663,11073065,True,2023-10-31 14:33:31,0.663,True
0.663,10874748,True,2023-10-27 12:06:09,0.663,True
0.663,10879514,True,2023-12-05 05:46:36,0.663,True
0.663,11277776,True,2023-11-22 10:00:50,0.663,True
0.663,10883487,True,2023-10-29 11:50:50,0.663,True
0.663,11029722,True,2023-11-05 06:15:56,0.663,True
0.663,11089934,True,2023-10-25 02:08:11,0.663,True
0.662,10941860,True,2023-11-19 15:01:27,0.662,True
0.661,10895221,True,2023-10-15 03:35:13,0.661,True
0.660,10985703,True,2023-11-02 04:09:35,0.660,True
0.659,10874629,True,2023-11-13 15:38:22,0.659,True
0.659,11108370,True,2023-11-28 15:20:13,0.659,True
0.655,10903698,True,2023-11-08 15:21:18,0.655,True
0.655,10880422,True,2023-10-31 14:28:58,0.655,True
0.655,10902497,True,2023-11-09 11:35:15,0.655,True
0.655,10878429,True,2023-10-22 21:31:40,0.655,True
0.655,10908856,True,2023-10-31 16:46:45,0.655,True
0.654,10959818,True,2023-11-05 00:55:31,0.654,True
0.654,11111444,True,2023-10-29 14:42:20,0.654,True
0.653,10981762,True,2023-12-04 15:23:43,0.653,True
0.652,11314447,True,2023-11-30 13:00:39,0.652,True
0.652,10924452,True,2023-11-06 07:47:14,0.652,True
0.651,11064447,True,2023-11-04 13:36:10,0.651,True
0.651,11264603,True,2023-11-21 07:03:44,0.651,True
0.651,11066950,True,2023-12-05 07:36:48,0.651,True
0.651,11019107,True,2023-11-09 01:18:19,0.651,True
0.651,10885193,True,2023-10-24 10:22:55,0.651,True
0.651,11123251,True,2023-10-24 10:48:34,0.651,True
0.651,10884511,True,2023-11-03 05:27:10,0.651,True
0.651,11082543,True,2023-10-24 16:47:15,0.651,True
0.651,11126180,True,2023-10-24 20:21:11,0.651,True
0.651,11054548,True,2023-10-24 22:32:14,0.651,True
0.651,11112926,True,2023-10-30 05:07:19,0.651,True
0.651,10878849,True,2023-10-25 01:30:51,0.651,True
0.651,10976050,True,2023-10-25 02:34:27,0.651,True
0.651,10872727,True,2023-10-25 04:55:11,0.651,True
0.651,10957529,True,2023-11-10 06:48:24,0.651,True
0.651,10903776,True,2023-10-25 14:06:23,0.651,True
0.651,10898061,True,2023-10-25 19:33:02,0.651,True
0.651,10896606,True,2023-10-26 04:36:22,0.651,True
0.651,10879866,True,2023-12-01 22:03:46,0.651,True
0.651,10926371,True,2023-10-27 17:50:22,0.651,True
0.651,11109717,True,2023-10-26 13:22:49,0.651,True
0.651,10901082,True,2023-10-26 14:41:23,0.651,True
0.651,10874992,True,2023-10-26 15:08:53,0.651,True
0.651,10880371,True,2023-10-26 16:35:36,0.651,True
0.651,10880599,True,2023-10-26 22:51:47,0.651,True
0.651,10874875,True,2023-10-27 00:45:41,0.651,True
0.651,11085760,True,2023-10-27 05:05:40,0.651,True
0.651,10886235,True,2023-10-27 05:47:29,0.651,True
0.651,11139665,True,2023-10-29 07:49:06,0.651,True
0.651,11143121,True,2023-10-29 06:59:59,0.651,True
0.651,11105010,True,2023-10-31 11:15:08,0.651,True
0.651,10876733,True,2023-10-28 05:35:50,0.651,True
0.651,11113766,True,2023-10-28 05:36:58,0.651,True
0.651,11147942,True,2023-10-29 12:14:56,0.651,True
0.651,11148305,True,2023-10-29 03:11:51,0.651,True
0.651,11151580,True,2023-10-30 08:22:01,0.651,True
0.651,10894536,True,2023-10-29 19:35:52,0.651,True
0.651,11073938,True,2023-10-29 22:27:04,0.651,True
0.651,11148271,True,2023-10-30 05:29:56,0.651,True
0.651,10875719,True,2023-10-30 07:58:27,0.651,True
0.651,11152345,True,2023-10-30 10:50:36,0.651,True
0.651,10915501,True,2023-10-30 20:42:50,0.651,True
0.651,10879839,True,2023-10-31 10:55:50,0.651,True
0.651,10881209,True,2023-11-01 04:22:13,0.651,True
0.651,11134543,True,2023-11-01 11:25:15,0.651,True
0.651,10959471,True,2023-11-08 10:42:28,0.651,True
0.651,11156147,True,2023-11-03 10:39:49,0.651,True
0.651,11174909,True,2023-11-03 07:39:53,0.651,True
0.651,11194679,True,2023-11-07 06:30:46,0.651,True
0.651,11095581,True,2023-11-07 09:18:02,0.651,True
0.651,10874133,True,2023-11-09 14:01:15,0.651,True
0.651,11146651,True,2023-11-15 13:46:40,0.651,True
0.651,11240716,True,2023-11-17 09:41:15,0.651,True
0.651,11170696,True,2023-11-17 15:14:21,0.651,True
0.651,11299416,True,2023-11-26 02:35:01,0.651,True
0.650,10936829,True,2023-12-05 01:47:33,0.650,True
0.650,10875176,True,2023-10-26 15:28:02,0.650,True
0.649,11107525,True,2023-11-03 11:23:55,0.649,True
0.649,11120259,True,2023-10-29 10:57:35,0.649,True
0.649,10931495,True,2023-11-03 03:13:17,0.649,True
0.649,11096978,True,2023-11-03 07:57:50,0.649,True
0.649,10885849,True,2023-11-18 12:48:06,0.649,True
0.649,10884049,True,2023-11-06 08:26:39,0.649,True
0.649,10879409,True,2023-11-07 08:05:06,0.649,True
0.649,11231322,True,2023-11-12 14:53:22,0.649,True
0.649,10973257,True,2023-11-24 15:59:59,0.649,True
0.649,10889325,True,2023-11-17 01:02:32,0.649,True
0.649,10926495,True,2023-11-17 17:33:23,0.649,True
0.649,10891144,True,2023-11-18 02:35:47,0.649,True
0.649,11227408,True,2023-11-26 00:53:33,0.649,True
0.649,11182211,True,2023-11-24 08:14:07,0.649,True
0.649,10977480,True,2023-12-03 08:17:15,0.649,True
0.649,10932627,True,2023-11-27 08:35:01,0.649,True
0.649,11307651,True,2023-11-27 09:02:22,0.649,True
0.649,10960653,True,2023-11-27 11:58:06,0.649,True
0.649,10881781,True,2023-12-01 14:51:11,0.649,True
0.649,11262547,True,2023-12-01 15:30:25,0.649,True
0.649,11167283,True,2023-12-05 13:54:13,0.649,True
0.647,10878254,True,2023-12-01 13:27:25,0.647,True
0.647,11096809,True,2023-11-29 12:13:50,0.647,True
0.646,10965565,True,2023-11-11 13:34:20,0.646,True
0.645,11092929,True,2023-11-05 01:01:07,0.645,True
0.644,11126924,True,2023-11-14 09:41:19,0.644,True
0.644,10893947,True,2023-11-03 08:21:01,0.644,True
0.644,10951202,True,2023-10-27 05:28:52,0.644,True
0.644,10987587,True,2023-11-17 06:49:37,0.644,True
0.643,10872552,True,2023-11-03 11:35:38,0.643,True
0.643,11272880,True,2023-12-05 15:39:47,0.643,True
0.640,11272803,True,2023-12-01 13:25:47,0.640,True
0.638,11152408,True,2023-11-05 01:56:17,0.638,True
0.633,11147517,True,2023-11-05 14:19:12,0.633,True
0.632,11110475,True,2023-10-29 13:58:21,0.632,True
0.631,10877215,True,2023-10-18 14:20:56,0.631,True
0.630,11116478,True,2023-10-23 23:19:34,0.630,True
0.630,11283847,True,2023-12-05 11:29:54,0.630,True
0.629,11180716,True,2023-11-19 07:56:53,0.629,True
0.629,10881083,True,2023-12-05 17:04:26,0.629,True
0.628,11149153,True,2023-12-04 23:10:55,0.628,True
0.628,10873128,True,2023-10-20 08:37:41,0.628,True
0.628,10872929,True,2023-10-20 09:49:42,0.628,True
0.628,10948317,True,2023-12-05 23:33:42,0.628,True
0.628,11106394,True,2023-11-25 10:30:26,0.628,True
0.628,11075774,True,2023-12-05 23:47:23,0.628,True
0.628,10923064,True,2023-10-19 06:42:21,0.628,True
0.628,11071974,True,2023-10-19 12:49:44,0.628,True
0.628,11001958,True,2023-10-19 20:16:43,0.628,True
0.628,10970314,True,2023-10-20 00:55:40,0.628,True
0.628,10878671,True,2023-10-20 04:54:39,0.628,True
0.628,10898702,True,2023-10-20 07:34:28,0.628,True
0.628,11103736,True,2023-10-21 23:21:16,0.628,True
0.628,10882052,True,2023-10-21 04:27:29,0.628,True
0.628,11053796,True,2023-10-21 06:23:00,0.628,True
0.628,10876655,True,2023-10-21 06:41:26,0.628,True
0.628,11098049,True,2023-10-21 15:53:10,0.628,True
0.628,10879557,True,2023-11-08 09:34:39,0.628,True
0.628,10977673,True,2023-10-21 18:21:57,0.628,True
0.628,10970062,True,2023-10-23 06:23:31,0.628,True
0.628,10948328,True,2023-10-31 03:07:19,0.628,True
0.628,10889677,True,2023-10-26 11:24:08,0.628,True
0.628,11092083,True,2023-11-07 09:15:39,0.628,True
0.628,11145820,True,2023-10-29 17:22:01,0.628,True
0.628,11150743,True,2023-10-29 15:50:30,0.628,True
0.628,11129785,True,2023-11-01 04:00:09,0.628,True
0.628,10881254,True,2023-11-01 21:49:20,0.628,True
0.628,11050423,True,2023-11-21 07:02:23,0.628,True
0.628,11085677,True,2023-11-06 09:28:14,0.628,True
0.628,10914637,True,2023-11-07 07:08:12,0.628,True
0.628,11198291,True,2023-11-15 06:45:38,0.628,True
0.628,10879450,True,2023-12-05 15:37:10,0.628,True
0.628,11174014,True,2023-11-17 14:33:33,0.628,True
0.628,11264812,True,2023-11-28 19:03:34,0.628,True
0.628,11063709,True,2023-11-28 00:03:36,0.628,True
0.628,10963748,True,2023-11-22 19:27:34,0.628,True
0.628,11050036,True,2023-11-28 23:31:43,0.628,True
0.628,11134989,True,2023-11-21 21:56:18,0.628,True
0.628,11231303,True,2023-11-25 10:51:25,0.628,True
0.628,10956609,True,2023-11-25 05:41:33,0.628,True
0.628,11262054,True,2023-11-30 09:15:43,0.628,True
0.628,11153198,True,2023-11-26 16:59:40,0.628,True
0.628,11307397,True,2023-11-27 13:52:54,0.628,True
0.628,11128669,True,2023-11-28 14:23:52,0.628,True
0.628,11314371,True,2023-11-28 17:38:27,0.628,True
0.628,10904086,True,2023-12-03 08:14:49,0.628,True
0.628,11315810,True,2023-12-01 09:27:09,0.628,True
0.628,11293086,True,2023-12-01 22:13:26,0.628,True
0.628,10883152,True,2023-12-05 14:53:57,0.628,True
0.628,11184889,True,2023-12-04 12:52:02,0.628,True
0.627,10876084,True,2023-11-21 15:18:11,0.627,True
0.624,10927285,True,2023-10-20 17:55:01,0.624,True
0.623,11114010,True,2023-10-23 18:25:03,0.623,True
0.623,11292118,True,2023-11-23 20:00:35,0.623,True
0.622,10974071,True,2023-10-21 12:37:49,0.622,True
0.620,10884353,True,2023-11-01 20:08:52,0.620,True
0.619,10923399,True,2023-11-08 19:20:57,0.619,True
0.619,10938480,True,2023-12-05 09:18:45,0.619,True
0.617,11028582,True,2023-12-02 15:00:37,0.617,True
0.617,11052152,True,2023-11-23 13:21:14,0.617,True
0.614,10888315,True,2023-12-05 12:54:12,0.614,True
0.611,10929144,True,2023-11-19 12:45:57,0.611,True
0.606,10883419,True,2023-11-12 20:56:03,0.606,True
0.605,10926796,True,2023-11-24 15:27:11,0.605,True
0.605,10892135,True,2023-10-17 06:19:40,0.605,True
0.602,11190717,True,2023-11-05 13:01:16,0.602,True
0.602,10889562,True,2023-10-27 02:23:42,0.602,True
0.601,10878971,True,2023-12-05 05:25:25,0.601,True
0.600,10948518,True,2023-12-04 22:51:44,0.600,True
0.600,10925996,True,2023-11-14 02:47:36,0.600,True
0.600,11309863,True,2023-11-27 23:06:42,0.600,True
0.600,10899447,True,2023-10-17 15:03:16,0.600,True
0.598,10872584,True,2023-12-05 04:51:49,0.598,True
0.590,11032628,True,2023-11-02 11:21:29,0.590,True
0.588,10875581,True,2023-10-17 11:01:04,0.588,True
0.587,10902690,True,2023-11-24 13:11:35,0.587,True
0.586,10942654,True,2023-10-18 13:35:18,0.586,True
0.585,10872667,True,2023-09-13 13:10:53,0.585,True
0.584,11000147,True,2023-10-24 06:26:24,0.584,True
0.583,10932787,True,2023-11-16 14:06:23,0.583,True
0.581,10880435,True,2023-11-06 17:01:55,0.581,True
0.581,10921425,True,2023-10-24 11:44:59,0.581,True
0.579,10980574,True,2023-10-13 17:11:53,0.579,True
0.579,11070326,True,2023-11-12 09:22:18,0.579,True
0.579,10915377,True,2023-10-23 02:56:26,0.579,True
0.578,11123736,True,2023-12-05 13:19:45,0.578,True
0.578,10878564,True,2023-11-18 16:36:43,0.578,True
0.575,11007603,True,2023-10-16 09:22:05,0.575,True
0.574,11273107,True,2023-11-30 04:16:17,0.574,True
0.572,10876642,True,2023-11-16 13:52:14,0.572,True
0.571,11299701,True,2023-11-25 16:57:26,0.571,True
0.571,10898065,True,2023-10-18 12:00:18,0.571,True
0.571,10971825,True,2023-10-21 08:24:38,0.571,True
0.571,10882977,True,2023-10-20 18:12:23,0.571,True
0.571,11057481,True,2023-11-07 09:16:09,0.571,True
0.571,10977254,True,2023-11-01 20:53:28,0.571,True
0.571,11104724,True,2023-11-05 10:18:31,0.571,True
0.571,10903971,True,2023-11-07 21:08:14,0.571,True
0.571,11045118,True,2023-10-18 14:48:15,0.571,True
0.569,10929762,True,2023-12-05 16:38:10,0.569,True
0.569,10882585,True,2023-10-20 21:33:55,0.569,True
0.569,10929257,True,2023-12-05 20:36:22,0.569,True
0.568,10928090,True,2023-10-01 17:52:36,0.568,True
0.566,10872719,True,2023-10-14 17:15:51,0.566,True
0.564,11161892,True,2023-11-14 07:28:40,0.564,True
0.564,10997457,True,2023-11-24 15:54:16,0.564,True
0.563,10999008,True,2023-12-03 12:32:23,0.563,True
0.560,10947804,True,2023-12-03 17:54:37,0.560,True
0.559,11175888,True,2023-11-11 04:12:42,0.559,True
0.558,11037134,True,2023-10-14 06:01:37,0.558,True
0.558,10894777,True,2023-12-05 19:34:55,0.558,True
0.558,11066148,True,2023-10-15 18:39:30,0.558,True
0.558,11039665,True,2023-10-15 19:18:47,0.558,True
0.558,11053351,True,2023-10-16 06:10:52,0.558,True
0.558,10986816,True,2023-10-26 09:23:29,0.558,True
0.558,10872609,True,2023-10-16 09:35:30,0.558,True
0.558,10943472,True,2023-10-16 12:33:08,0.558,True
0.558,10949269,True,2023-10-20 03:57:21,0.558,True
0.558,11060956,True,2023-10-18 02:02:24,0.558,True
0.558,11071329,True,2023-10-18 03:16:27,0.558,True
0.558,10880494,True,2023-10-20 13:26:37,0.558,True
0.558,11036399,True,2023-10-30 13:02:31,0.558,True
0.558,11102626,True,2023-10-25 11:23:15,0.558,True
0.558,10876074,True,2023-10-14 07:45:52,0.558,True
0.558,10879291,True,2023-12-05 02:26:13,0.558,True
0.557,11056288,True,2023-10-16 03:02:48,0.557,True
0.557,10913645,True,2023-10-17 05:34:27,0.557,True
0.557,10951758,True,2023-10-18 00:51:49,0.557,True
0.557,11229702,True,2023-12-05 18:44:08,0.557,True
0.556,11127031,True,2023-11-14 16:22:05,0.556,True
0.555,10991988,True,2023-11-30 21:30:15,0.555,True
0.551,10876593,True,2023-10-27 15:41:23,0.551,True
0.551,11012464,True,2023-10-04 19:17:39,0.551,True
0.550,10875792,True,2023-12-03 05:32:31,0.550,True
0.549,11082787,True,2023-11-26 09:49:46,0.549,True
0.547,10892737,True,2023-10-18 01:51:36,0.547,True
0.546,10998047,True,2023-12-04 05:12:57,0.546,True
0.545,11270207,True,2023-11-30 14:56:51,0.545,True
0.543,11120725,True,2023-12-05 14:33:19,0.543,True
0.540,11009853,True,2023-11-19 13:35:42,0.540,True
0.540,10890735,True,2023-11-20 09:49:37,0.540,True
0.534,11146039,True,2023-11-22 00:32:35,0.534,True
0.532,10887445,True,2023-09-28 11:38:03,0.532,True
0.531,10932779,True,2023-11-13 12:20:58,0.531,True
0.528,10876197,True,2023-09-21 14:45:21,0.528,True
0.528,11038804,True,2023-10-11 12:56:54,0.528,True
0.527,11034755,True,2023-10-27 12:34:52,0.527,True
0.526,10948778,True,2023-12-05 13:33:40,0.526,True
0.526,10880540,True,2023-11-02 08:22:41,0.526,True
0.525,10890546,True,2023-10-07 14:25:25,0.525,True
0.525,11026803,True,2023-11-03 15:09:35,0.525,True
0.524,10990035,True,2023-11-24 10:28:32,0.524,True
0.521,10899110,True,2023-10-11 09:44:40,0.521,True
0.521,11013628,True,2023-10-11 17:23:10,0.521,True
0.521,11040528,True,2023-10-16 04:59:27,0.521,True
0.521,10913395,True,2023-10-14 08:56:57,0.521,True
0.521,11073761,True,2023-10-15 15:23:42,0.521,True
0.521,10877371,True,2023-10-29 12:07:24,0.521,True
0.521,11079697,True,2023-10-16 23:32:56,0.521,True
0.521,11034034,True,2023-10-08 12:37:51,0.521,True
0.521,10929334,True,2023-10-11 13:50:04,0.521,True
0.521,11036930,True,2023-11-06 14:15:56,0.521,True
0.520,10907436,True,2023-10-24 23:54:06,0.520,True
0.520,10915470,True,2023-11-13 14:49:51,0.520,True
0.519,10873153,True,2023-12-05 22:12:48,0.519,True
0.519,10900924,True,2023-10-16 13:18:56,0.519,True
0.518,11073791,True,2023-11-11 15:33:39,0.518,True
0.517,10873668,True,2023-10-23 01:40:35,0.517,True
0.508,10878133,True,2023-10-31 13:08:56,0.508,True
0.508,11252806,True,2023-11-24 10:31:36,0.508,True
0.506,10875443,True,2023-09-20 11:10:58,0.506,True
0.505,10878598,True,2023-11-15 22:35:21,0.505,True
0.504,10894095,True,2023-10-07 09:55:28,0.504,True
0.504,11031690,True,2023-10-08 06:50:20,0.504,True
0.504,10902901,True,2023-10-14 07:34:30,0.504,True
0.503,11020779,True,2023-11-03 17:41:03,0.503,True
0.502,11019827,True,2023-12-05 13:56:45,0.502,True
0.500,10952080,True,2023-10-27 05:57:14,0.500,True
0.499,10901644,True,2023-09-21 00:49:12,0.499,True
0.499,11311011,True,2023-11-27 21:41:46,0.499,True
0.498,10959770,True,2023-09-27 11:54:29,0.498,True
0.497,11055993,True,2023-10-17 09:37:50,0.497,True
0.494,11025076,True,2023-10-13 05:23:02,0.494,True
0.493,10872744,True,2023-09-26 09:23:42,0.493,True
0.491,10880821,True,2023-10-27 06:31:27,0.491,True
0.490,11065485,True,2023-10-23 09:54:08,0.490,True
0.490,10894110,True,2023-11-01 01:48:04,0.490,True
0.490,10925806,True,2023-10-07 06:29:26,0.490,True
0.490,10892799,True,2023-10-07 07:58:19,0.490,True
0.490,10878413,True,2023-10-11 21:10:36,0.490,True
0.490,11050010,True,2023-11-28 16:42:13,0.490,True
0.490,10874671,True,2023-12-04 18:58:24,0.490,True
0.490,11064580,True,2023-10-13 15:05:28,0.490,True
0.490,11174592,True,2023-11-28 07:44:53,0.490,True
0.490,10873156,True,2023-10-18 05:32:17,0.490,True
0.490,11314663,True,2023-11-28 12:59:44,0.490,True
0.489,10920963,True,2023-11-29 05:06:54,0.489,True
0.486,10879030,True,2023-09-25 07:45:12,0.486,True
0.483,11049297,True,2023-11-03 00:32:41,0.483,True
0.483,10972205,True,2023-10-18 10:59:04,0.483,True
0.483,10987917,True,2023-11-02 16:35:33,0.483,True
0.481,11243923,True,2023-12-05 18:00:53,0.481,True
0.480,10881197,True,2023-10-06 23:19:05,0.480,True
0.473,11019139,True,2023-10-10 00:09:43,0.473,True
0.473,10937697,True,2023-10-08 07:28:29,0.473,True
0.472,10906893,True,2023-10-13 05:52:33,0.472,True
0.471,10898619,True,2023-10-05 03:30:20,0.471,True
0.471,11013371,True,2023-10-30 01:53:50,0.471,True
0.471,11026251,True,2023-10-06 23:30:23,0.471,True
0.471,10874998,True,2023-10-07 15:04:59,0.471,True
0.471,11028727,True,2023-10-07 12:16:53,0.471,True
0.471,11049458,True,2023-10-18 01:17:36,0.471,True
0.471,11064015,True,2023-10-15 02:48:10,0.471,True
0.471,11068776,True,2023-10-31 12:12:10,0.471,True
0.471,11030729,True,2023-11-26 09:06:54,0.471,True
0.471,10916649,True,2023-11-12 07:32:33,0.471,True
0.471,10876167,True,2023-11-20 16:20:35,0.471,True
0.471,11264152,True,2023-12-05 16:30:59,0.471,True
0.471,11290823,True,2023-11-25 09:15:26,0.471,True
0.471,11273224,True,2023-11-30 06:54:14,0.471,True
0.470,11106343,True,2023-10-25 12:29:17,0.470,True
0.469,10929261,True,2023-11-09 13:58:29,0.469,True
0.467,10995570,True,2023-10-07 08:52:56,0.467,True
0.467,10887078,True,2023-10-19 11:40:31,0.467,True
0.466,10963245,True,2023-10-10 16:21:52,0.466,True
0.464,10920824,True,2023-11-09 10:43:45,0.464,True
0.464,10874923,True,2023-10-04 06:23:42,0.464,True
0.464,10874881,True,2023-10-04 11:16:28,0.464,True
0.464,10917797,True,2023-10-04 22:02:21,0.464,True
0.464,11034088,True,2023-10-08 14:22:16,0.464,True
0.464,11010508,True,2023-10-10 05:55:54,0.464,True
0.463,10883287,True,2023-12-05 16:34:09,0.463,True
0.462,11012036,True,2023-11-24 02:40:11,0.462,True
0.462,10893124,True,2023-10-04 18:33:07,0.462,True
0.462,10980752,True,2023-10-16 10:34:46,0.462,True
0.462,11230777,True,2023-11-24 09:56:01,0.462,True
0.462,10999843,True,2023-10-05 12:49:02,0.462,True
0.461,10876924,True,2023-11-02 00:13:08,0.461,True
0.461,10905004,True,2023-10-28 16:29:29,0.461,True
0.460,10987762,True,2023-10-17 22:42:37,0.460,True
0.459,10872367,True,2023-12-05 16:11:14,0.459,True
0.459,10982310,True,2023-10-03 08:37:59,0.459,True
0.459,10877162,True,2023-11-23 18:43:58,0.459,True
0.459,10888482,True,2023-09-23 13:19:02,0.459,True
0.459,10873699,True,2023-09-26 00:54:54,0.459,True
0.459,10877579,True,2023-10-06 18:03:05,0.459,True
0.459,10879804,True,2023-10-05 05:07:06,0.459,True
0.458,10875108,True,2023-10-07 10:34:24,0.458,True
0.458,10874559,True,2023-09-21 11:06:47,0.458,True
0.457,10906416,True,2023-10-27 11:42:58,0.457,True
0.455,10924301,True,2023-12-05 14:47:23,0.455,True
0.453,10874200,True,2023-09-29 10:41:46,0.453,True
0.452,10956460,True,2023-09-30 05:31:37,0.452,True
0.450,10892221,True,2023-11-08 05:09:38,0.450,True
0.450,11240240,True,2023-11-20 09:32:39,0.450,True
0.450,10909738,True,2023-10-06 16:02:27,0.450,True
0.449,10876778,True,2023-10-09 02:06:27,0.449,True
0.449,11046418,True,2023-10-28 10:37:43,0.449,True
0.449,11057613,True,2023-12-05 21:08:21,0.449,True
0.448,10968994,True,2023-10-01 12:32:05,0.448,True
0.448,10886552,True,2023-09-29 12:05:52,0.448,True
0.447,10935401,True,2023-10-01 20:32:10,0.447,True
0.447,10903110,True,2023-09-29 16:27:17,0.447,True
0.447,10918514,True,2023-10-03 23:35:01,0.447,True
0.447,10994501,True,2023-10-02 18:50:18,0.447,True
0.447,10952665,True,2023-10-03 09:03:50,0.447,True
0.447,10998199,True,2023-10-05 05:49:47,0.447,True
0.447,10901323,True,2023-11-06 20:09:39,0.447,True
0.447,10984176,True,2023-10-27 19:03:21,0.447,True
0.447,10932314,True,2023-11-18 02:40:30,0.447,True
0.447,10945878,True,2023-10-20 03:47:05,0.447,True
0.447,10998256,True,2023-10-23 15:36:33,0.447,True
0.447,11307074,True,2023-12-02 09:03:22,0.447,True
0.447,10879966,True,2023-12-05 18:58:20,0.447,True
0.446,10873920,True,2023-10-09 05:55:22,0.446,True
0.445,10873390,True,2023-09-25 00:39:14,0.445,True
0.444,10998478,True,2023-10-07 16:20:46,0.444,True
0.444,10874138,True,2023-09-22 02:44:42,0.444,True
0.444,10916625,True,2023-09-24 02:07:15,0.444,True
0.444,10895554,True,2023-09-22 07:01:47,0.444,True
0.444,10937372,True,2023-10-10 13:06:29,0.444,True
0.444,11016974,True,2023-10-10 16:32:24,0.444,True
0.444,11128348,True,2023-11-01 08:16:25,0.444,True
0.443,10998407,True,2023-12-04 11:45:59,0.443,True
0.443,10999395,True,2023-10-03 18:13:21,0.443,True
0.443,10966229,True,2023-12-01 12:57:02,0.443,True
0.441,10914844,True,2023-12-05 14:24:33,0.441,True
0.440,10918175,True,2023-11-25 13:00:59,0.440,True
0.439,10882870,True,2023-09-29 08:49:55,0.439,True
0.439,10979676,True,2023-10-01 14:31:00,0.439,True
0.439,10886338,True,2023-10-10 11:03:37,0.439,True
0.438,11048246,True,2023-10-18 14:19:00,0.438,True
0.437,10929970,True,2023-09-28 15:32:09,0.437,True
0.437,10897959,True,2023-09-25 02:13:04,0.437,True
0.436,10880487,True,2023-10-31 10:39:25,0.436,True
0.434,10930125,True,2023-12-05 22:27:23,0.434,True
0.432,10893955,True,2023-11-07 08:55:45,0.432,True
0.432,10915891,True,2023-10-05 02:16:19,0.432,True
0.429,11150429,True,2023-12-03 13:01:03,0.429,True
0.428,10883463,True,2023-10-09 16:36:31,0.428,True
0.428,11098157,True,2023-11-05 08:24:23,0.428,True
0.428,10915495,True,2023-09-27 07:30:38,0.428,True
0.428,10916394,True,2023-09-29 13:44:54,0.428,True
0.428,10976226,True,2023-09-27 08:24:18,0.428,True
0.428,10948538,True,2023-10-03 19:23:04,0.428,True
0.428,10884181,True,2023-09-27 20:25:03,0.428,True
0.428,10882174,True,2023-11-10 04:28:48,0.428,True
0.428,10984192,True,2023-09-28 18:17:58,0.428,True
0.428,10942228,True,2023-11-21 01:16:37,0.428,True
0.427,10920692,True,2023-09-28 17:14:25,0.427,True
0.424,11111558,True,2023-12-05 13:50:12,0.424,True
0.421,10920764,True,2023-12-04 22:29:23,0.421,True
0.421,10881021,True,2023-09-22 09:44:11,0.421,True
0.420,10972283,True,2023-09-30 15:04:15,0.420,True
0.416,10897744,True,2023-10-25 00:51:59,0.416,True
0.416,10937080,True,2023-10-02 14:26:31,0.416,True
0.413,10916904,True,2023-09-26 12:07:53,0.413,True
0.413,10901456,True,2023-09-25 02:03:43,0.413,True
0.412,11049890,True,2023-11-05 13:32:16,0.412,True
0.411,11102781,True,2023-12-03 06:31:39,0.411,True
0.410,11042335,True,2023-10-10 09:30:42,0.410,True
0.410,11261854,True,2023-11-18 05:18:57,0.410,True
0.409,10934690,True,2023-09-18 16:40:05,0.409,True
0.409,10922884,True,2023-10-08 17:21:42,0.409,True
0.409,10882247,True,2023-09-25 15:21:53,0.409,True
0.409,10882098,True,2023-09-25 03:34:34,0.409,True
0.409,10972376,True,2023-09-26 13:58:14,0.409,True
0.409,10882409,True,2023-09-27 03:42:33,0.409,True
0.408,10898450,True,2023-10-01 11:32:02,0.408,True
0.407,10878387,True,2023-10-24 06:32:59,0.407,True
0.407,10987949,True,2023-10-04 06:28:30,0.407,True
0.407,10922260,True,2023-11-14 17:04:33,0.407,True
0.406,10874743,True,2023-09-25 08:08:48,0.406,True
0.406,11127263,True,2023-12-04 09:10:44,0.406,True
0.406,10934353,True,2023-10-09 21:25:38,0.406,True
0.406,10872411,True,2023-10-23 18:18:16,0.406,True
0.404,11289555,True,2023-12-05 17:27:37,0.404,True
0.404,10928086,True,2023-09-19 02:37:44,0.404,True
0.403,10981366,True,2023-10-02 16:36:47,0.403,True
0.403,10899984,True,2023-09-26 08:16:11,0.403,True
0.403,10972264,True,2023-10-01 07:57:37,0.403,True
0.402,11095589,True,2023-10-24 23:29:23,0.402,True
0.402,10917173,True,2023-09-28 19:19:46,0.402,True
0.401,11057749,True,2023-10-12 09:40:43,0.401,True
0.401,11254888,True,2023-11-30 15:00:43,0.401,True
0.401,11010413,True,2023-10-10 15:54:06,0.401,True
0.401,10969363,True,2023-09-26 08:18:34,0.401,True
0.400,10902288,True,2023-09-30 10:31:17,0.400,True
0.399,10993491,True,2023-10-01 06:26:33,0.399,True
0.398,10978527,True,2023-09-27 21:08:34,0.398,True
0.398,11034306,True,2023-10-12 13:07:37,0.398,True
0.398,10921517,True,2023-09-24 11:34:26,0.398,True
0.398,10922305,True,2023-10-10 10:56:58,0.398,True
0.398,10909274,True,2023-10-28 09:42:42,0.398,True
0.398,11210248,True,2023-12-05 15:27:12,0.398,True
0.397,11253845,True,2023-11-23 07:15:24,0.397,True
0.397,10882261,True,2023-09-18 21:52:49,0.397,True
0.397,10889501,True,2023-10-03 19:24:08,0.397,True
0.397,10890558,True,2023-09-29 17:45:47,0.397,True
0.397,10909107,True,2023-10-12 11:03:35,0.397,True
0.397,10962744,True,2023-10-23 17:04:05,0.397,True
0.395,11034678,True,2023-10-10 15:27:56,0.395,True
0.393,10903690,True,2023-10-31 17:44:01,0.393,True
0.392,10880488,True,2023-09-13 14:41:35,0.392,True
0.392,10891167,True,2023-09-28 16:49:21,0.392,True
0.391,10929905,True,2023-09-26 04:11:47,0.391,True
0.390,10887486,True,2023-09-27 07:37:45,0.390,True
0.387,10888843,True,2023-09-27 04:00:33,0.387,True
0.387,11270081,True,2023-12-03 13:06:16,0.387,True
0.385,11190900,True,2023-11-05 13:52:54,0.385,True
0.383,10887399,True,2023-12-05 02:15:44,0.383,True
0.380,10877062,True,2023-09-25 09:52:33,0.380,True
0.378,10879904,True,2023-11-08 13:03:23,0.378,True
0.375,10909026,True,2023-09-18 04:26:01,0.375,True
0.375,10932062,True,2023-09-18 05:41:23,0.375,True
0.375,10932802,True,2023-09-18 13:08:12,0.375,True
0.375,11316987,True,2023-11-29 00:24:33,0.375,True
0.374,10883088,True,2023-09-20 19:36:52,0.374,True
0.370,10922484,True,2023-10-11 09:19:01,0.370,True
0.370,10896559,True,2023-09-26 07:20:03,0.370,True
0.370,10882039,True,2023-10-06 11:59:23,0.370,True
0.370,10907220,True,2023-09-20 13:23:18,0.370,True
0.369,10927791,True,2023-09-20 06:04:54,0.369,True
0.369,10925132,True,2023-09-20 09:45:35,0.369,True
0.368,11198080,True,2023-12-05 09:44:18,0.368,True
0.368,10895772,True,2023-12-05 19:56:55,0.368,True
0.364,10933853,True,2023-09-18 13:25:39,0.364,True
0.364,10895425,True,2023-09-20 10:26:45,0.364,True
0.364,10929503,True,2023-09-22 18:04:55,0.364,True
0.363,10948578,True,2023-11-17 08:54:29,0.363,True
0.362,11040401,True,2023-12-04 01:07:37,0.362,True
0.359,10873614,True,2023-09-21 09:20:39,0.359,True
0.358,10948520,True,2023-12-05 21:33:33,0.358,True
0.358,11099090,True,2023-12-04 22:39:11,0.358,True
0.357,10975750,True,2023-12-03 10:41:19,0.357,True
0.357,10893786,True,2023-09-20 11:57:53,0.357,True
0.357,10937205,True,2023-09-19 08:35:21,0.357,True
0.357,10919667,True,2023-09-21 10:26:11,0.357,True
0.357,11312006,True,2023-12-05 23:58:18,0.357,True
0.356,10876322,True,2023-09-19 07:33:00,0.356,True
0.355,10897952,True,2023-12-05 07:45:33,0.355,True
0.355,10927596,True,2023-09-19 13:18:39,0.355,True
0.355,10893333,True,2023-09-19 19:48:03,0.355,True
0.354,10886880,True,2023-09-18 06:33:07,0.354,True
0.353,11133297,True,2023-11-05 08:07:01,0.353,True
0.351,11193051,True,2023-12-05 21:01:27,0.351,True
0.351,10883587,True,2023-12-04 12:19:42,0.351,True
0.347,10885543,True,2023-12-05 09:06:05,0.347,True
0.345,11006365,True,2023-12-05 20:15:06,0.345,True
0.344,10898514,True,2023-09-21 04:32:11,0.344,True
0.342,11075471,True,2023-12-05 09:23:22,0.342,True
0.342,10875603,True,2023-10-20 17:15:03,0.342,True
0.341,10885632,True,2023-09-19 02:21:20,0.341,True
0.341,10946051,True,2023-09-21 03:52:10,0.341,True
0.341,11261883,True,2023-11-18 05:32:58,0.341,True
0.340,10887512,True,2023-12-04 01:47:48,0.340,True
0.340,11154031,True,2023-12-01 04:45:07,0.340,True
0.340,11235441,True,2023-12-03 05:44:14,0.340,True
0.339,10879496,True,2023-10-02 15:50:05,0.339,True
0.339,10944083,True,2023-10-11 10:40:07,0.339,True
0.338,10909330,True,2023-10-29 19:17:10,0.338,True
0.338,10925594,True,2023-09-20 05:25:25,0.338,True
0.338,11267902,True,2023-12-01 08:08:57,0.338,True
0.337,10919427,True,2023-09-24 05:24:01,0.337,True
0.336,11257097,True,2023-12-05 07:15:56,0.336,True
0.334,10939187,True,2023-10-16 15:00:44,0.334,True
0.329,10872561,True,2023-09-15 06:22:39,0.329,True
0.327,10947945,True,2023-09-21 10:42:17,0.327,True
0.326,10943375,True,2023-09-20 12:23:01,0.326,True
0.324,10875317,True,2023-09-15 17:11:05,0.324,True
0.324,10892170,True,2023-12-05 13:19:27,0.324,True
0.323,10872366,True,2023-09-17 13:35:36,0.323,True
0.321,10890220,True,2023-09-22 13:29:16,0.321,True
0.319,10923848,True,2023-10-23 12:18:16,0.319,True
0.319,10892433,True,2023-10-03 16:17:27,0.319,True
0.319,10921142,True,2023-09-17 14:19:39,0.319,True
0.318,10894625,True,2023-09-20 00:04:04,0.318,True
0.318,10923912,True,2023-09-16 01:55:07,0.318,True
0.318,10878653,True,2023-09-17 19:22:36,0.318,True
0.318,10917739,True,2023-09-14 21:38:43,0.318,True
0.318,10901108,True,2023-09-16 01:51:08,0.318,True
0.318,10915775,True,2023-09-14 12:57:20,0.318,True
0.318,10900295,True,2023-09-21 11:13:39,0.318,True
0.318,10921941,True,2023-09-18 08:35:28,0.318,True
0.318,10916826,True,2023-09-14 18:09:10,0.318,True
0.318,10884697,True,2023-10-06 06:46:20,0.318,True
0.317,10921509,True,2023-10-18 11:45:25,0.317,True
0.315,10879258,True,2023-12-03 09:45:09,0.315,True
0.315,10920622,True,2023-09-19 15:20:18,0.315,True
0.315,10897529,True,2023-09-19 20:39:36,0.315,True
0.315,10875313,True,2023-09-20 07:36:29,0.315,True
0.315,10943626,True,2023-09-30 08:00:40,0.315,True
0.315,10944090,True,2023-09-21 15:19:11,0.315,True
0.314,10892063,True,2023-10-11 09:32:45,0.314,True
0.314,10908484,True,2023-09-14 15:07:57,0.314,True
0.314,10937174,True,2023-09-21 09:30:19,0.314,True
0.314,10923767,True,2023-09-23 07:56:10,0.314,True
0.314,10958794,True,2023-09-24 07:40:19,0.314,True
0.314,10970702,True,2023-10-09 08:39:30,0.314,True
0.314,10955810,True,2023-09-26 22:15:43,0.314,True
0.314,10990685,True,2023-09-30 10:57:34,0.314,True
0.314,10872468,True,2023-09-30 19:41:16,0.314,True
0.314,11017497,True,2023-10-02 17:31:30,0.314,True
0.314,11050171,True,2023-10-11 03:48:21,0.314,True
0.314,10985439,True,2023-10-12 10:06:17,0.314,True
0.314,11079803,True,2023-10-16 17:14:36,0.314,True
0.314,10914979,True,2023-10-22 17:46:01,0.314,True
0.314,10998200,True,2023-10-19 07:41:09,0.314,True
0.314,11031454,True,2023-10-19 20:51:04,0.314,True
0.314,10880288,True,2023-11-02 16:13:50,0.314,True
0.314,11096200,True,2023-10-25 05:59:33,0.314,True
0.314,11121684,True,2023-10-25 06:28:00,0.314,True
0.314,11062632,True,2023-11-30 08:30:55,0.314,True
0.314,11081921,True,2023-11-02 09:01:40,0.314,True
0.314,11165857,True,2023-11-02 00:43:01,0.314,True
0.314,11086560,True,2023-11-02 10:19:08,0.314,True
0.314,10893946,True,2023-11-02 13:52:48,0.314,True
0.314,11095655,True,2023-11-14 08:43:40,0.314,True
0.314,11235821,True,2023-12-02 19:48:23,0.314,True
0.314,11246732,True,2023-11-15 09:14:50,0.314,True
0.314,11252688,True,2023-11-16 08:55:09,0.314,True
0.314,11124475,True,2023-11-18 08:09:00,0.314,True
0.314,11266003,True,2023-11-19 01:00:34,0.314,True
0.314,11250331,True,2023-11-19 03:16:28,0.314,True
0.314,11158779,True,2023-11-19 04:10:31,0.314,True
0.314,11127417,True,2023-12-05 17:25:41,0.314,True
0.314,11285186,True,2023-11-24 16:42:00,0.314,True
0.314,10903824,True,2023-11-28 23:57:36,0.314,True
0.314,11304116,True,2023-11-29 08:27:48,0.314,True
0.314,11031670,True,2023-12-03 04:14:24,0.314,True
0.314,10925330,True,2023-12-03 04:28:11,0.314,True
0.314,11142459,True,2023-12-03 20:54:00,0.314,True
0.314,11298375,True,2023-12-05 11:45:32,0.314,True
0.313,10876531,True,2023-09-22 14:02:58,0.313,True
0.313,10890181,True,2023-09-16 10:55:46,0.313,True
0.311,10897058,True,2023-10-14 15:38:17,0.311,True
0.310,10886265,True,2023-09-19 13:09:34,0.310,True
0.309,10945224,True,2023-12-05 21:29:49,0.309,True
0.307,10927269,True,2023-09-19 21:36:59,0.307,True
0.307,11187338,True,2023-11-05 06:57:06,0.307,True
0.303,10894418,True,2023-09-21 13:23:12,0.303,True
0.302,10872549,True,2023-09-21 17:26:03,0.302,True
0.302,10876469,True,2023-10-18 00:06:55,0.302,True
0.299,10886796,True,2023-09-15 08:03:28,0.299,True
0.299,10980853,True,2023-10-06 14:04:21,0.299,True
0.298,11072540,True,2023-10-16 06:28:18,0.298,True
0.295,11222306,True,2023-12-03 08:38:41,0.295,True
0.294,10891764,True,2023-10-11 12:39:19,0.294,True
0.289,10893248,True,2023-09-25 16:33:38,0.289,True
0.272,10892994,True,2023-09-15 15:17:53,0.272,True
0.270,10875922,True,2023-09-17 15:19:39,0.270,True
0.269,10933890,True,2023-10-24 13:26:02,0.269,True
0.269,11272866,True,2023-11-30 02:59:06,0.269,True
0.269,10900119,True,2023-09-21 23:27:25,0.269,True
0.266,11312857,True,2023-12-03 02:39:42,0.266,True
0.264,10999391,True,2023-10-10 14:55:40,0.264,True
0.261,10876017,True,2023-11-02 13:47:46,0.261,True
0.261,11149660,True,2023-11-20 14:13:03,0.261,True
0.259,10899562,True,2023-10-22 01:50:01,0.259,True
0.255,10876846,True,2023-12-03 17:58:38,0.255,True
0.252,10892101,True,2023-10-28 05:10:25,0.252,True
0.251,10887654,True,2023-09-12 16:22:06,0.251,True
0.249,11040397,True,2023-11-25 18:30:21,0.249,True
0.248,10878736,True,2023-12-05 21:48:25,0.248,True
0.247,10873672,True,2023-12-03 14:12:36,0.247,True
0.241,10878401,True,2023-10-24 03:20:54,0.241,True
0.241,11248838,True,2023-12-01 17:49:49,0.241,True
0.238,11009494,True,2023-12-05 18:47:40,0.238,True
0.237,11030987,True,2023-11-09 02:59:00,0.237,True
0.237,10897066,True,2023-09-27 14:21:30,0.237,True
0.236,11254870,True,2023-11-29 17:02:20,0.236,True
0.236,10879832,True,2023-09-13 19:04:40,0.236,True
0.236,10914444,True,2023-09-14 07:54:59,0.236,True
0.234,11261033,True,2023-11-28 18:23:44,0.234,True
0.232,11115947,True,2023-12-04 23:37:11,0.232,True
0.231,10886522,True,2023-09-20 08:50:15,0.231,True
0.228,10888095,True,2023-10-19 22:01:48,0.228,True
0.226,10923661,True,2023-09-16 07:25:52,0.226,True
0.224,10959562,True,2023-12-04 21:19:15,0.224,True
0.223,11015751,True,2023-11-02 13:45:38,0.223,True
0.223,10926435,True,2023-09-29 02:06:21,0.223,True
0.223,11031001,True,2023-10-15 04:49:19,0.223,True
0.222,10982158,True,2023-10-14 11:49:14,0.222,True
0.220,10929653,True,2023-12-02 21:21:37,0.220,True
0.218,10875014,True,2023-09-19 17:25:43,0.218,True
0.214,10872389,True,2023-09-23 23:16:45,0.214,True
0.213,10872374,True,2023-11-14 06:14:35,0.213,True
0.207,10923913,True,2023-09-27 10:30:21,0.207,True
0.204,11111372,True,2023-10-31 20:55:10,0.204,True
0.203,11301241,True,2023-12-03 01:24:48,0.203,True
0.201,10898215,True,2023-09-18 14:16:27,0.201,True
0.199,10877865,True,2023-09-21 12:35:44,0.199,True
0.199,10994944,True,2023-12-05 14:45:37,0.199,True
0.196,11016465,True,2023-10-17 12:58:27,0.196,True
0.194,10915705,True,2023-09-21 15:04:11,0.194,True
0.192,10892958,True,2023-10-11 11:31:10,0.192,True
0.188,10947255,True,2023-11-12 07:58:27,0.188,True
0.187,10925544,True,2023-12-05 18:27:54,0.187,True
0.178,11185967,True,2023-11-05 07:29:33,0.178,True
0.175,10874319,True,2023-09-15 10:31:52,0.175,True
0.174,10925949,True,2023-10-12 17:15:10,0.174,True
0.174,10879816,True,2023-10-04 22:42:08,0.174,True
0.171,10872315,True,2023-09-15 16:44:43,0.171,True
0.169,10886200,True,2023-10-09 18:17:20,0.169,True
0.169,10878577,True,2023-09-15 21:00:22,0.169,True
0.169,10890042,True,2023-09-19 09:40:47,0.169,True
0.168,10872285,True,2023-11-06 18:17:29,0.168,True
0.167,10888633,True,2023-09-12 09:41:45,0.167,True
0.167,10925190,True,2023-10-25 12:33:41,0.167,True
0.167,11167485,True,2023-11-22 07:11:11,0.167,True
0.163,11250310,True,2023-12-05 22:39:25,0.163,True
0.163,10936993,True,2023-11-05 08:01:54,0.163,True
0.162,10888255,True,2023-09-28 03:14:47,0.162,True
0.162,10895729,True,2023-09-21 13:33:00,0.162,True
0.161,10882958,True,2023-10-01 07:16:47,0.161,True
0.161,10915030,True,2023-09-14 14:38:06,0.161,True
0.161,10884809,True,2023-09-15 12:26:23,0.161,True
0.160,10944257,True,2023-10-17 12:42:22,0.160,True
0.160,10878522,True,2023-09-10 17:58:33,0.160,True
0.160,10945298,True,2023-09-20 23:04:44,0.160,True
0.158,10923988,True,2023-09-16 04:02:04,0.158,True
0.157,11028134,True,2023-11-25 12:43:17,0.157,True
0.156,10925480,True,2023-09-16 13:09:02,0.156,True
0.156,10888452,True,2023-09-18 05:48:03,0.156,True
0.155,10920437,True,2023-09-20 13:41:50,0.155,True
0.154,10878015,True,2023-10-25 19:47:09,0.154,True
0.154,10902631,True,2023-10-28 06:10:40,0.154,True
0.153,10884775,True,2023-09-10 15:19:02,0.153,True
0.152,10873759,True,2023-09-10 12:47:07,0.152,True
0.151,10931894,True,2023-12-04 08:51:21,0.151,True
0.150,10877711,True,2023-09-17 20:37:34,0.150,True
0.148,10881665,True,2023-10-02 11:46:10,0.148,True
0.142,10875903,True,2023-09-21 14:44:44,0.142,True
0.140,11111512,True,2023-10-25 20:55:17,0.140,True
0.139,10876773,True,2023-09-10 07:09:39,0.139,True
0.138,10876696,True,2023-09-16 05:56:00,0.138,True
0.138,10892017,True,2023-09-10 00:09:39,0.138,True
0.137,10921067,True,2023-11-29 13:04:07,0.137,True
0.134,10887498,True,2023-09-22 12:19:42,0.134,True
0.134,11031156,True,2023-11-26 10:47:32,0.134,True
0.134,11043185,True,2023-10-21 05:39:20,0.134,True
0.133,10875744,True,2023-10-01 18:08:19,0.133,True
0.132,10903368,True,2023-11-19 12:14:16,0.132,True
0.132,10879828,True,2023-10-11 06:29:58,0.132,True
0.130,10880351,True,2023-09-11 10:06:07,0.130,True
0.130,10897773,True,2023-09-13 18:24:19,0.130,True
0.128,10876057,True,2023-09-12 09:52:20,0.128,True
0.128,10879552,True,2023-09-13 03:55:31,0.128,True
0.127,10904522,True,2023-09-12 18:11:55,0.127,True
0.127,10903575,True,2023-09-12 14:45:32,0.127,True
0.121,10881344,True,2023-09-13 04:46:38,0.121,True
0.120,10891998,True,2023-09-11 14:27:08,0.120,True
0.111,10885265,True,2023-09-11 17:26:07,0.111,True
0.109,10872806,True,2023-09-24 21:48:46,0.109,True
0.109,10894454,True,2023-09-12 03:53:35,0.109,True
0.109,10896415,True,2023-09-13 07:49:57,0.109,True
0.109,10900758,True,2023-10-05 02:02:43,0.109,True
0.103,11058954,True,2023-12-04 07:06:19,0.103,True
0.101,10893693,True,2023-09-24 05:23:07,0.101,True
0.099,11150518,True,2023-11-15 22:43:27,0.099,True
0.099,10873952,True,2023-09-10 09:48:48,0.099,True
0.094,10895640,True,2023-12-01 11:26:30,0.094,True
0.094,11004153,True,2023-10-20 21:47:03,0.094,True
0.086,10890835,True,2023-09-09 18:56:24,0.086,True
0.085,11100820,True,2023-10-26 04:48:51,0.085,True
0.085,10915815,True,2023-10-08 18:40:16,0.085,True
0.083,10876933,True,2023-11-24 14:18:14,0.083,True
0.082,10901197,True,2023-09-21 04:09:31,0.082,True
0.079,10908822,True,2023-09-21 14:47:36,0.079,True
0.077,11273355,True,2023-11-28 11:06:28,0.077,True
0.072,11002908,True,2023-10-06 00:50:44,0.072,True
0.072,11096740,True,2023-10-23 01:33:52,0.072,True
0.071,10878417,True,2023-09-10 02:25:53,0.071,True
0.067,11076502,True,2023-12-05 18:55:28,0.067,True
0.066,10873353,True,2023-09-27 09:12:25,0.066,True
0.064,10872589,True,2023-10-06 09:46:32,0.064,True
0.062,10998155,True,2023-10-20 10:55:55,0.062,True
0.060,10879846,True,2023-09-11 06:00:19,0.060,True
0.058,10946390,True,2023-09-22 10:22:06,0.058,True
0.057,10875554,True,2023-09-13 17:54:26,0.057,True
0.057,11236186,True,2023-11-16 14:43:08,0.057,True
0.054,10873950,True,2023-12-01 15:48:48,0.054,True
0.053,10883635,True,2023-09-08 13:08:37,0.053,True
0.051,10882785,True,2023-12-05 23:13:51,0.051,True
0.049,10893967,True,2023-09-15 13:24:48,0.049,True
0.048,10884700,True,2023-10-11 11:21:41,0.048,True
0.048,10923123,True,2023-09-22 06:06:05,0.048,True
0.047,10887517,True,2023-09-10 21:12:21,0.047,True
0.047,10911970,True,2023-09-14 04:48:29,0.047,True
0.046,10882853,True,2023-09-09 03:24:53,0.046,True
0.043,10876786,True,2023-09-12 01:30:35,0.043,True
0.040,10910230,True,2023-09-14 21:12:43,0.040,True
0.038,10874836,True,2023-09-08 20:26:27,0.038,True
0.037,10973552,True,2023-10-05 07:20:11,0.037,True
0.037,10886131,True,2023-09-09 09:18:03,0.037,True
0.037,10922647,True,2023-09-16 18:58:29,0.037,True
0.034,10880021,True,2023-09-09 16:46:10,0.034,True
0.034,10900343,True,2023-10-08 01:26:45,0.034,True
0.033,10877532,True,2023-09-12 00:51:21,0.033,True
0.031,10886771,True,2023-09-08 16:02:51,0.031,True
0.031,10876272,True,2023-09-26 16:11:18,0.031,True
0.028,10875381,True,2023-09-13 06:06:58,0.028,True
0.028,10881862,True,2023-09-29 14:50:00,0.028,True
0.028,10874547,True,2023-09-22 13:47:00,0.028,True
0.025,10876661,True,2023-09-08 06:50:44,0.025,True
0.025,10883169,True,2023-10-24 18:52:08,0.025,True
0.025,10970340,True,2023-10-07 14:05:46,0.025,True
0.025,10878002,True,2023-10-10 20:53:04,0.025,True
0.024,10879467,True,2023-09-09 12:44:36,0.024,True
0.023,10880966,True,2023-11-30 11:05:16,0.023,True
0.022,10872272,True,2023-09-08 05:30:02,0.022,True
0.022,10881081,True,2023-09-07 10:00:01,0.022,True
0.022,10881132,True,2023-09-07 11:04:15,0.022,True
0.022,10986193,True,2023-11-21 05:18:40,0.022,True
0.022,10924008,True,2023-10-10 15:28:07,0.022,True
0.021,10884207,True,2023-09-08 04:37:01,0.021,True
0.020,10880743,True,2023-09-07 08:59:47,0.020,True
0.019,11070167,True,2023-11-11 21:17:54,0.019,True
0.018,10974760,True,2023-12-04 03:43:40,0.018,True
0.017,10975678,True,2023-10-17 03:05:10,0.017,True
0.017,10951038,True,2023-11-13 05:44:10,0.017,True
0.017,10998444,True,2023-11-09 12:37:07,0.017,True
0.017,10960884,True,2023-11-13 07:08:09,0.017,True
0.017,11271650,True,2023-11-20 08:30:51,0.017,True
0.017,11309803,True,2023-11-28 12:41:21,0.017,True
0.017,11109803,True,2023-11-29 10:05:29,0.017,True
0.016,10878662,True,2023-09-07 06:27:52,0.016,True
0.016,11011492,True,2023-10-06 06:56:35,0.016,True
0.016,11198461,True,2023-11-22 14:57:03,0.016,True
0.015,10989283,True,2023-10-12 16:13:14,0.015,True
0.014,10882734,True,2023-09-07 16:31:09,0.014,True
0.014,11156546,True,2023-11-20 11:01:39,0.014,True
0.013,10882476,True,2023-09-08 05:00:46,0.013,True
0.013,11069278,True,2023-11-26 15:07:46,0.013,True
0.013,11064016,True,2023-11-14 08:40:50,0.013,True
0.013,10884094,True,2023-09-18 07:25:50,0.013,True
0.012,10898699,True,2023-12-01 07:56:28,0.012,True
0.012,11217612,True,2023-12-01 08:15:57,0.012,True
0.012,11044996,True,2023-10-14 15:22:28,0.012,True
0.012,10884632,True,2023-09-08 05:19:13,0.012,True
0.012,10879299,True,2023-09-07 03:13:14,0.012,True
0.012,10882196,True,2023-09-07 14:40:38,0.012,True
0.012,10877043,True,2023-09-07 20:21:04,0.012,True
0.012,10873655,True,2023-09-07 23:34:39,0.012,True
0.012,10884221,True,2023-09-08 02:47:57,0.012,True
0.012,11012428,True,2023-10-04 17:55:54,0.012,True
0.012,10968927,True,2023-11-01 19:47:41,0.012,True
0.012,11315834,True,2023-11-28 17:30:55,0.012,True
0.012,10911942,True,2023-10-16 00:01:31,0.012,True
0.011,10886924,True,2023-12-05 15:22:52,0.011,True
0.010,10991072,True,2023-10-15 16:15:44,0.010,True
0.010,10878805,True,2023-09-09 06:46:41,0.010,True
0.008,10881872,True,2023-12-04 18:35:11,0.008,True
0.007,10890395,True,2023-12-04 18:54:26,0.007,True
0.005,10940621,True,2023-09-21 03:57:12,0.005,True
0.005,10890303,True,2023-09-16 10:15:31,0.005,True
0.004,10896682,True,2023-09-14 07:38:30,0.004,True
0.004,10878053,True,2023-11-19 10:02:05,0.004,True
0.004,10948466,True,2023-11-28 12:08:12,0.004,True
0.004,10926296,True,2023-12-05 16:01:04,0.004,True
0.004,10945497,True,2023-12-05 22:18:18,0.004,True
0.003,11123729,True,2023-11-28 18:25:57,0.003,True
0.002,11131919,True,2023-12-05 18:14:13,0.002,True
0.002,10880917,True,2023-10-08 14:26:23,0.002,True
0.002,11089402,True,2023-12-04 05:30:11,0.002,True
0.002,10927889,True,2023-11-14 04:54:57,0.002,True
0.001,10895062,True,2023-12-05 14:04:43,0.001,True
0.001,10880508,True,2023-10-05 20:20:12,0.001,True
0.001,10887804,True,2023-11-16 04:03:11,0.001,True
0.001,11167311,True,2023-12-05 16:00:58,0.001,True
0.001,11011270,True,2023-10-25 00:02:13,0.001,True
0.000,10944515,True,2023-10-24 03:32:03,0.000,True
0.000,11228674,True,2023-11-21 08:47:20,0.000,True
0.000,10877707,True,2023-12-02 16:21:41,0.000,True
0.000,11192714,True,2023-11-09 21:13:34,0.000,True
0.000,11303292,True,2023-12-03 15:47:12,0.000,True
0.000,10893316,True,2023-12-01 17:40:49,0.000,True
0.000,10879350,True,2023-10-24 20:32:09,0.000,True
0.000,11082545,True,2023-11-03 08:03:57,0.000,True
0.000,10892370,True,2023-12-03 07:50:15,0.000,True
0.000,10878454,True,2023-09-15 16:47:38,0.000,True
0.000,10880048,True,2023-09-10 21:16:46,0.000,True
0.000,11057734,True,2023-12-05 19:39:50,0.000,True
0.000,11127547,True,2023-11-08 22:43:54,0.000,True
0.000,10893511,True,2023-09-16 20:01:24,0.000,True
0.000,10968533,True,2023-10-01 09:42:30,0.000,True
0.000,11107931,True,2023-12-05 08:15:41,0.000,True
0.000,10882657,True,2023-09-13 13:04:13,0.000,True
0.000,10878206,True,2023-09-09 00:03:47,0.000,True
0.000,11196558,True,2023-11-07 16:58:44,0.000,True
0.000,11245600,True,2023-11-16 04:30:32,0.000,True
0.000,10886248,True,2023-09-18 20:42:34,0.000,True
0.000,10896284,True,2023-09-18 15:39:53,0.000,True
0.000,10939418,True,2023-11-06 18:12:00,0.000,True
0.000,11147254,True,2023-11-11 21:05:42,0.000,True
0.000,10873377,True,2023-09-06 13:52:18,0.000,True
0.000,10876300,True,2023-09-06 14:43:40,0.000,True
0.000,10873208,True,2023-09-06 15:05:29,0.000,True
0.000,10877197,True,2023-09-06 17:34:43,0.000,True
0.000,11096261,True,2023-12-05 16:34:34,0.000,True
0.000,11149046,True,2023-11-01 13:09:07,0.000,True
0.000,11152136,True,2023-12-05 07:30:38,0.000,True
0.000,11266234,True,2023-12-04 07:48:14,0.000,True
0.000,11116839,True,2023-12-05 18:57:02,0.000,True
0.000,10887898,True,2023-10-28 17:30:14,0.000,True
0.000,10887489,True,2023-09-08 23:00:44,0.000,True
0.000,10893746,True,2023-09-12 14:11:40,0.000,True
0.000,10994915,True,2023-10-31 15:56:41,0.000,True
0.000,10916085,True,2023-10-24 02:18:47,0.000,True
0.000,10876140,True,2023-09-07 17:13:57,0.000,True
0.000,11169828,True,2023-11-06 04:51:35,0.000,True
0.000,10877155,True,2023-10-18 13:10:05,0.000,True
0.000,10944796,True,2023-09-20 18:44:01,0.000,True
0.000,10873531,True,2023-11-25 11:48:50,0.000,True
0.000,10874186,True,2023-09-06 06:23:10,0.000,True
0.000,10873665,True,2023-09-06 07:18:51,0.000,True
0.000,10878347,True,2023-09-08 02:52:37,0.000,True
0.000,10877746,True,2023-09-20 21:49:03,0.000,True
0.000,10889060,True,2023-09-12 16:31:16,0.000,True
0.000,10878993,True,2023-09-13 16:05:30,0.000,True
0.000,10878552,True,2023-11-29 10:18:20,0.000,True
0.000,10880297,True,2023-09-17 14:14:01,0.000,True
0.000,10890184,True,2023-10-09 16:07:44,0.000,True
0.000,10933866,True,2023-09-18 13:38:17,0.000,True
0.000,10928077,True,2023-09-20 07:02:20,0.000,True
0.000,10899853,True,2023-09-22 06:53:36,0.000,True
0.000,10952919,True,2023-09-23 09:39:24,0.000,True
0.000,10882336,True,2023-09-30 08:24:56,0.000,True
0.000,10905127,True,2023-09-28 18:32:37,0.000,True
0.000,10890946,True,2023-11-16 14:49:17,0.000,True
0.000,10923922,True,2023-10-09 13:20:02,0.000,True
0.000,11039325,True,2023-10-10 11:18:56,0.000,True
0.000,11011129,True,2023-10-12 18:58:16,0.000,True
0.000,11033050,True,2023-10-14 07:56:49,0.000,True
0.000,11051002,True,2023-12-05 17:57:38,0.000,True
0.000,10943403,True,2023-10-30 12:59:17,0.000,True
0.000,11082082,True,2023-11-04 02:45:17,0.000,True
0.000,10876529,True,2023-11-02 09:26:51,0.000,True
0.000,10948631,True,2023-11-07 19:56:46,0.000,True
0.000,11274049,True,2023-11-22 17:30:20,0.000,True
0.000,10940000,True,2023-11-26 23:20:23,0.000,True
0.000,10898804,True,2023-11-28 06:53:12,0.000,True
0.000,11050374,True,2023-11-28 17:22:18,0.000,True
0.000,11285508,True,2023-11-28 21:23:50,0.000,True
0.000,11184121,True,2023-12-02 06:22:20,0.000,True
0.000,11204737,True,2023-12-04 16:13:07,0.000,True
0.000,11079027,True,2023-12-04 04:31:25,0.000,True
0.000,11048933,True,2023-12-05 14:23:47,0.000,True
